centre_x,centre_y,radius,rotation_(degrees),deformation,blur,white_noise,holes,additive_noise_regression,multiplicative_noise_regression,ID_image,shape,color,background_color,pixel_resolution_x,pixel_resolution_y,mark_first_vertex,regression_radius,regression_radius_noise,regression_centering,regression_centering_noise,shape_noisy,color_noisy,correct_class,noisy_class
39.78881017899374,63.68345675021341,16.36949205439353,230.19073787538514,92.81014169387717,0.0,20.0,0.0,0.0,0.0,"ID_4_(255, 6, 5)_0",4,"(255, 6, 5)","(0, 0, 0)",128,128,True,16.36949205439353,16.36949205439353,17.073528814969176,17.073528814969176,4,"(255, 6, 5)",False,False
70.64948034957273,46.591261772933905,15.195741362876051,194.82633748531785,90.13554493177453,0.0,20.0,0.0,0.0,0.0,"ID_4_(255, 6, 5)_1",4,"(255, 6, 5)","(0, 0, 0)",128,128,True,15.195741362876051,15.195741362876051,20.928940131025552,20.928940131025552,4,"(255, 6, 5)",False,False
49.59016780410186,27.302119745998453,15.433588258096373,241.5233388730175,87.6690150466479,0.0,20.0,0.0,0.0,0.0,"ID_4_(255, 6, 5)_2",4,"(255, 6, 5)","(0, 0, 0)",128,128,True,15.433588258096373,15.433588258096371,22.70157991096188,22.70157991096188,4,"(255, 6, 5)",False,False
33.7707660146103,54.9610661263314,16.27691642830694,126.27545842018804,84.30846449272849,0.0,20.0,0.0,0.0,0.0,"ID_4_(255, 6, 5)_3",4,"(255, 6, 5)","(0, 0, 0)",128,128,True,16.27691642830694,16.27691642830694,16.970569019993434,16.970569019993434,4,"(255, 6, 5)",False,False
60.36603660594271,70.02629483343907,22.367119887962396,247.89498028673708,69.56168382565927,0.0,20.0,0.0,0.0,0.0,"ID_4_(255, 6, 5)_4",4,"(255, 6, 5)","(0, 0, 0)",128,128,True,22.367119887962396,22.367119887962396,22.550104205337334,22.550104205337334,4,"(255, 6, 5)",False,False
47.38496238163724,60.77048643862754,11.119905758178128,356.46437818006495,85.62127334822819,0.0,20.0,0.0,0.0,0.0,"ID_4_(255, 6, 5)_5",4,"(255, 6, 5)","(0, 0, 0)",128,128,True,11.119905758178128,11.119905758178128,11.083401998940227,11.083401998940225,4,"(255, 6, 5)",False,False
46.674772676001176,55.2896285715869,17.314483079087562,320.62514213005085,60.69926148471282,0.0,20.0,0.0,0.0,0.0,"ID_4_(255, 6, 5)_6",4,"(255, 6, 5)","(0, 0, 0)",128,128,True,17.314483079087562,17.314483079087562,6.247984249469335,6.247984249469335,4,"(255, 6, 5)",False,False
66.98822423606079,39.724763056706905,12.172927271611332,305.722411531886,95.88744340232661,0.0,20.0,0.0,0.0,0.0,"ID_4_(255, 6, 5)_7",4,"(255, 6, 5)","(0, 0, 0)",128,128,True,12.172927271611332,12.172927271611332,19.85397332866896,19.85397332866896,4,"(255, 6, 5)",False,False
25.04725787209474,41.099376278409025,14.735228439191596,210.1399729572929,84.18991599137078,0.0,20.0,0.0,0.0,0.0,"ID_4_(255, 6, 5)_8",4,"(255, 6, 5)","(0, 0, 0)",128,128,True,14.735228439191596,14.735228439191596,26.492648835763593,26.492648835763593,4,"(255, 6, 5)",False,False
53.26066821853939,55.46194376574674,14.526144970213107,239.46709508244757,90.34822821012204,0.0,20.0,0.0,0.0,0.0,"ID_4_(255, 6, 5)_9",4,"(255, 6, 5)","(0, 0, 0)",128,128,True,14.526144970213107,14.526144970213107,6.361193829115136,6.361193829115135,4,"(255, 6, 5)",False,False
56.06679081428722,61.02023923424865,18.738755148596184,164.310095758846,94.29646696100534,0.0,20.0,0.0,0.0,0.0,"ID_4_(255, 6, 5)_10",4,"(255, 6, 5)","(0, 0, 0)",128,128,True,18.738755148596184,18.738755148596184,12.57981015613483,12.57981015613483,4,"(255, 6, 5)",False,False
74.51147288904895,71.4970526222513,15.022714777989576,217.2273250797742,89.07763670637436,0.0,20.0,0.0,0.0,0.0,"ID_4_(255, 6, 5)_11",4,"(255, 6, 5)","(0, 0, 0)",128,128,True,15.022714777989576,15.022714777989574,32.602692751280884,32.602692751280884,4,"(255, 6, 5)",False,False
25.477569851874936,37.40435054743206,20.379385664648318,249.47830087228542,92.62385791784911,0.0,20.0,0.0,0.0,0.0,"ID_4_(255, 6, 5)_12",4,"(255, 6, 5)","(0, 0, 0)",128,128,True,20.379385664648318,20.379385664648318,27.56809687848706,27.56809687848706,4,"(255, 6, 5)",False,False
56.97836828458589,27.572005417274237,18.176013193729506,45.890424076973055,95.13930755996103,0.0,20.0,0.0,0.0,0.0,"ID_4_(255, 6, 5)_13",4,"(255, 6, 5)","(0, 0, 0)",128,128,True,18.176013193729506,18.176013193729506,23.4885624276602,23.4885624276602,4,"(255, 6, 5)",False,False
43.49523691875562,48.27734015773672,11.338548001506155,285.47262477829804,68.02039988489211,0.0,20.0,0.0,0.0,0.0,"ID_4_(255, 6, 5)_14",4,"(255, 6, 5)","(0, 0, 0)",128,128,True,11.338548001506155,11.338548001506156,6.729004359878688,6.729004359878688,4,"(255, 6, 5)",False,False
35.21683852888462,50.96573007714205,17.869565641105137,206.79941465767294,76.18113223265993,0.0,20.0,0.0,0.0,0.0,"ID_4_(255, 6, 5)_15",4,"(255, 6, 5)","(0, 0, 0)",128,128,True,17.869565641105137,17.869565641105137,14.814671702841308,14.814671702841308,4,"(255, 6, 5)",False,False
47.37394793128258,67.61349168127595,19.5179835500998,354.4485878313289,80.92639754798137,0.0,20.0,0.0,0.0,0.0,"ID_4_(255, 6, 5)_16",4,"(255, 6, 5)","(0, 0, 0)",128,128,True,19.5179835500998,19.5179835500998,17.808178982534738,17.808178982534738,4,"(255, 6, 5)",False,False
30.04311994128478,27.914693924985034,15.546404168205674,341.2235889039412,62.49475268006013,0.0,20.0,0.0,0.0,0.0,"ID_4_(255, 6, 5)_17",4,"(255, 6, 5)","(0, 0, 0)",128,128,True,15.546404168205674,15.546404168205674,29.766387185969315,29.766387185969315,4,"(255, 6, 5)",False,False
26.430713543305163,44.1304339112112,12.70636251104362,144.9164143087509,88.52677401296344,0.0,20.0,0.0,0.0,0.0,"ID_4_(255, 6, 5)_18",4,"(255, 6, 5)","(0, 0, 0)",128,128,True,12.70636251104362,12.706362511043618,24.289155402121295,24.289155402121295,4,"(255, 6, 5)",False,False
41.70665690689268,36.30892162538849,18.552012234709448,243.9399930862533,82.73096957762098,0.0,20.0,0.0,0.0,0.0,"ID_4_(255, 6, 5)_19",4,"(255, 6, 5)","(0, 0, 0)",128,128,True,18.552012234709448,18.552012234709448,16.007034913429337,16.007034913429337,4,"(255, 6, 5)",False,False
33.38732838027519,48.412115354384426,12.73814816994052,68.6964757474368,74.4613039309732,0.0,20.0,0.0,0.0,0.0,"ID_4_(255, 6, 5)_20",4,"(255, 6, 5)","(0, 0, 0)",128,128,True,12.73814816994052,12.73814816994052,16.688386260887892,16.688386260887892,4,"(255, 6, 5)",False,False
38.450460860432166,25.884946505318762,14.93867660608072,303.30832882630983,91.15044605175834,0.0,20.0,0.0,0.0,0.0,"ID_4_(255, 6, 5)_21",4,"(255, 6, 5)","(0, 0, 0)",128,128,True,14.93867660608072,14.93867660608072,26.738131187271616,26.738131187271616,4,"(255, 6, 5)",False,False
30.548040317572433,41.91562124315658,11.24714482735568,116.0996741746238,60.75945312545269,0.0,20.0,0.0,0.0,0.0,"ID_4_(255, 6, 5)_22",4,"(255, 6, 5)","(0, 0, 0)",128,128,True,11.24714482735568,11.24714482735568,21.06504012269829,21.06504012269829,4,"(255, 6, 5)",False,False
46.940068069027284,44.3818872088178,10.428368818133919,244.15457043328234,87.73271040020313,0.0,20.0,0.0,0.0,0.0,"ID_4_(255, 6, 5)_23",4,"(255, 6, 5)","(0, 0, 0)",128,128,True,10.428368818133919,10.428368818133917,6.397372488501154,6.397372488501154,4,"(255, 6, 5)",False,False
45.36590245689275,70.98272748017644,10.430006162008873,99.41748926308203,81.82222789111962,0.0,20.0,0.0,0.0,0.0,"ID_4_(255, 6, 5)_24",4,"(255, 6, 5)","(0, 0, 0)",128,128,True,10.430006162008873,10.430006162008873,21.488362258357057,21.488362258357057,4,"(255, 6, 5)",False,False
61.27502628489064,56.23013293102774,10.328641402314071,358.13347375000177,92.33041407920248,0.0,20.0,0.0,0.0,0.0,"ID_4_(255, 6, 5)_25",4,"(255, 6, 5)","(0, 0, 0)",128,128,True,10.328641402314071,10.328641402314071,12.881800109582946,12.881800109582946,4,"(255, 6, 5)",False,False
50.1492009599229,39.9510974056943,10.556193291252061,352.6479930669606,85.22394984459847,0.0,20.0,0.0,0.0,0.0,"ID_4_(255, 6, 5)_26",4,"(255, 6, 5)","(0, 0, 0)",128,128,True,10.556193291252061,10.556193291252061,10.050010162994154,10.050010162994154,4,"(255, 6, 5)",False,False
33.20058297235884,40.10246720164751,16.797613800218212,345.18785302572655,89.99246330837171,0.0,20.0,0.0,0.0,0.0,"ID_4_(255, 6, 5)_27",4,"(255, 6, 5)","(0, 0, 0)",128,128,True,16.797613800218212,16.797613800218212,19.498245253434042,19.498245253434042,4,"(255, 6, 5)",False,False
58.53297202446742,40.93209865220662,13.740802761166274,346.17028505814204,67.4816878407678,0.0,20.0,0.0,0.0,0.0,"ID_4_(255, 6, 5)_28",4,"(255, 6, 5)","(0, 0, 0)",128,128,True,13.740802761166274,13.740802761166274,12.451443547784192,12.451443547784192,4,"(255, 6, 5)",False,False
70.82749349272228,58.29959647510723,14.297520708318144,173.6444612261356,73.73364392757951,0.0,20.0,0.0,0.0,0.0,"ID_4_(255, 6, 5)_29",4,"(255, 6, 5)","(0, 0, 0)",128,128,True,14.297520708318144,14.297520708318142,22.420253942339755,22.420253942339755,4,"(255, 6, 5)",False,False
33.70717185881196,52.04636070396475,15.83042694150095,174.3084674166862,64.7200740496744,0.0,20.0,0.0,0.0,0.0,"ID_4_(255, 6, 5)_30",4,"(255, 6, 5)","(0, 0, 0)",128,128,True,15.83042694150095,15.830426941500951,16.420835574629567,16.420835574629567,4,"(255, 6, 5)",False,False
40.92107928786716,56.60372781483427,15.812731460386987,194.06626365342453,78.39486895208039,0.0,20.0,0.0,0.0,0.0,"ID_4_(255, 6, 5)_31",4,"(255, 6, 5)","(0, 0, 0)",128,128,True,15.812731460386987,15.812731460386988,11.226576608637671,11.226576608637671,4,"(255, 6, 5)",False,False
29.286458187736674,72.57415160951524,17.09826851087704,86.99091679825973,91.498202729393,0.0,20.0,0.0,0.0,0.0,"ID_4_(255, 6, 5)_32",4,"(255, 6, 5)","(0, 0, 0)",128,128,True,17.09826851087704,17.09826851087704,30.637283419026573,30.63728341902657,4,"(255, 6, 5)",False,False
73.18016293653312,57.59120850120022,14.255117067210788,200.82675836701532,76.95161233922116,0.0,20.0,0.0,0.0,0.0,"ID_4_(255, 6, 5)_33",4,"(255, 6, 5)","(0, 0, 0)",128,128,True,14.255117067210788,14.255117067210788,24.391523123268016,24.391523123268016,4,"(255, 6, 5)",False,False
70.36107784053101,63.47584793985547,14.307343706727256,136.29162274228787,89.75709154628515,0.0,20.0,0.0,0.0,0.0,"ID_4_(255, 6, 5)_34",4,"(255, 6, 5)","(0, 0, 0)",128,128,True,14.307343706727256,14.307343706727256,24.41663303009385,24.41663303009385,4,"(255, 6, 5)",False,False
47.827497943344284,71.57412605755434,14.852206846974926,187.68893918536452,83.41424980680594,0.0,20.0,0.0,0.0,0.0,"ID_4_(255, 6, 5)_35",4,"(255, 6, 5)","(0, 0, 0)",128,128,True,14.852206846974926,14.852206846974928,21.68323500618435,21.68323500618435,4,"(255, 6, 5)",False,False
74.19531153579655,65.60702308973816,7.419702364623539,178.44017211545767,60.69468207200838,0.0,20.0,0.0,0.0,0.0,"ID_4_(255, 6, 5)_36",4,"(255, 6, 5)","(0, 0, 0)",128,128,True,7.419702364623539,7.419702364623539,28.792225861122127,28.79222586112213,4,"(255, 6, 5)",False,False
40.53834274989141,62.338530783613734,13.395333917471318,229.9926359214117,72.11463813828229,0.0,20.0,0.0,0.0,0.0,"ID_4_(255, 6, 5)_37",4,"(255, 6, 5)","(0, 0, 0)",128,128,True,13.395333917471318,13.395333917471316,15.548707335875743,15.548707335875742,4,"(255, 6, 5)",False,False
37.670542116554415,30.470153588909287,10.990306897779448,331.1445642930862,88.12222495138774,0.0,20.0,0.0,0.0,0.0,"ID_4_(255, 6, 5)_38",4,"(255, 6, 5)","(0, 0, 0)",128,128,True,10.990306897779448,10.990306897779446,23.09611293141015,23.096112931410154,4,"(255, 6, 5)",False,False
33.33933838115214,39.819760250291445,18.778277174831825,1.4296316118854424,75.08305533048888,0.0,20.0,0.0,0.0,0.0,"ID_4_(255, 6, 5)_39",4,"(255, 6, 5)","(0, 0, 0)",128,128,True,18.778277174831825,18.778277174831825,19.52472604005742,19.52472604005742,4,"(255, 6, 5)",False,False
33.001332111686246,44.78847538547619,20.00768194597217,53.96879787599288,65.06474011093526,0.0,20.0,0.0,0.0,0.0,"ID_4_(255, 6, 5)_40",4,"(255, 6, 5)","(0, 0, 0)",128,128,True,20.00768194597217,20.00768194597217,17.77961469731492,17.77961469731492,4,"(255, 6, 5)",False,False
53.78968917412129,33.02339165508771,16.93887979899138,64.08880719658376,77.40581266624986,0.0,20.0,0.0,0.0,0.0,"ID_4_(255, 6, 5)_41",4,"(255, 6, 5)","(0, 0, 0)",128,128,True,16.93887979899138,16.93887979899138,17.39445241831423,17.39445241831423,4,"(255, 6, 5)",False,False
56.55545841819526,69.26434660840107,16.73419235710523,81.60990423276013,74.08965881337839,0.0,20.0,0.0,0.0,0.0,"ID_4_(255, 6, 5)_42",4,"(255, 6, 5)","(0, 0, 0)",128,128,True,16.73419235710523,16.73419235710523,20.34917898396151,20.34917898396151,4,"(255, 6, 5)",False,False
47.1622667471036,44.30362953619104,13.677487757393296,70.86763758414972,64.60809533378686,0.0,20.0,0.0,0.0,0.0,"ID_4_(255, 6, 5)_43",4,"(255, 6, 5)","(0, 0, 0)",128,128,True,13.677487757393296,13.677487757393296,6.364068390231919,6.364068390231918,4,"(255, 6, 5)",False,False
54.42566273761528,37.20869460399008,16.486450781424033,244.6192894877289,77.93766861185613,0.0,20.0,0.0,0.0,0.0,"ID_4_(255, 6, 5)_44",4,"(255, 6, 5)","(0, 0, 0)",128,128,True,16.486450781424033,16.486450781424033,13.535286639044953,13.535286639044953,4,"(255, 6, 5)",False,False
50.938259039298714,64.12270500573135,13.343654447573961,212.53147383766736,72.9288097459003,0.0,20.0,0.0,0.0,0.0,"ID_4_(255, 6, 5)_45",4,"(255, 6, 5)","(0, 0, 0)",128,128,True,13.343654447573961,13.343654447573961,14.153837878954775,14.153837878954775,4,"(255, 6, 5)",False,False
69.06770287156527,31.542302114265254,20.177675139543492,57.15669862410227,77.43577791936079,0.0,20.0,0.0,0.0,0.0,"ID_4_(255, 6, 5)_46",4,"(255, 6, 5)","(0, 0, 0)",128,128,True,20.177675139543492,20.177675139543492,26.53797098572827,26.537970985728272,4,"(255, 6, 5)",False,False
31.97300134031511,62.52519494017928,16.878356873217378,193.39808560080516,67.39337722464794,0.0,20.0,0.0,0.0,0.0,"ID_4_(255, 6, 5)_47",4,"(255, 6, 5)","(0, 0, 0)",128,128,True,16.878356873217378,16.878356873217378,21.951154615777583,21.951154615777583,4,"(255, 6, 5)",False,False
42.8113223038049,60.27632760669272,17.073926800085705,265.2668092074483,69.27629168737366,0.0,20.0,0.0,0.0,0.0,"ID_4_(255, 6, 5)_48",4,"(255, 6, 5)","(0, 0, 0)",128,128,True,17.073926800085705,17.073926800085705,12.541132169778285,12.541132169778285,4,"(255, 6, 5)",False,False
65.37181644198571,46.97594571783994,20.150871270257976,198.7793747405908,94.96613050643141,0.0,20.0,0.0,0.0,0.0,"ID_4_(255, 6, 5)_49",4,"(255, 6, 5)","(0, 0, 0)",128,128,True,20.150871270257976,20.150871270257976,15.666449662497019,15.666449662497019,4,"(255, 6, 5)",False,False
65.69366138321936,71.62617786616774,14.528981015081296,317.23664586247264,65.23409342163004,0.0,20.0,0.0,0.0,0.0,"ID_4_(255, 6, 5)_50",4,"(255, 6, 5)","(0, 0, 0)",128,128,True,14.528981015081296,14.528981015081296,26.720452404670734,26.72045240467073,4,"(255, 6, 5)",False,False
52.24187964516756,25.009777162488767,10.375201468979375,11.513011103377542,71.6515948126562,0.0,20.0,0.0,0.0,0.0,"ID_4_(255, 6, 5)_51",4,"(255, 6, 5)","(0, 0, 0)",128,128,True,10.375201468979375,10.375201468979377,25.09058113738868,25.090581137388675,4,"(255, 6, 5)",False,False
38.1537898275068,68.74834439086459,12.357060084125553,207.59318081623906,78.89549570741852,0.0,20.0,0.0,0.0,0.0,"ID_4_(255, 6, 5)_52",4,"(255, 6, 5)","(0, 0, 0)",128,128,True,12.357060084125553,12.357060084125553,22.17731076684784,22.17731076684784,4,"(255, 6, 5)",False,False
63.22290758273379,74.28326292388769,15.206362556982526,124.95409907293855,70.33443112648027,0.0,20.0,0.0,0.0,0.0,"ID_4_(255, 6, 5)_53",4,"(255, 6, 5)","(0, 0, 0)",128,128,True,15.206362556982526,15.206362556982526,27.649993547416557,27.649993547416557,4,"(255, 6, 5)",False,False
43.04468480719614,41.35240093144036,11.411961565213268,249.66989869297004,77.62559679048802,0.0,20.0,0.0,0.0,0.0,"ID_4_(255, 6, 5)_54",4,"(255, 6, 5)","(0, 0, 0)",128,128,True,11.411961565213268,11.411961565213268,11.097629435235337,11.097629435235337,4,"(255, 6, 5)",False,False
28.6169778504626,67.91041015551933,17.245417232672988,269.5556269732554,61.50158103455936,0.0,20.0,0.0,0.0,0.0,"ID_4_(255, 6, 5)_55",4,"(255, 6, 5)","(0, 0, 0)",128,128,True,17.245417232672988,17.245417232672988,27.89294584991942,27.89294584991942,4,"(255, 6, 5)",False,False
42.606899025563266,44.324100777427354,17.536767550970154,297.5140244824172,79.05596086451087,0.0,20.0,0.0,0.0,0.0,"ID_4_(255, 6, 5)_56",4,"(255, 6, 5)","(0, 0, 0)",128,128,True,17.536767550970154,17.536767550970154,9.320610173321173,9.320610173321173,4,"(255, 6, 5)",False,False
49.36640431520447,55.808566892175335,19.349530977203628,245.072705551346,60.65541347824761,0.0,20.0,0.0,0.0,0.0,"ID_4_(255, 6, 5)_57",4,"(255, 6, 5)","(0, 0, 0)",128,128,True,19.349530977203628,19.349530977203628,5.843020865328734,5.843020865328734,4,"(255, 6, 5)",False,False
67.13353060972696,55.44929689202021,16.09577263679116,330.7248635383115,77.5999390967417,0.0,20.0,0.0,0.0,0.0,"ID_4_(255, 6, 5)_58",4,"(255, 6, 5)","(0, 0, 0)",128,128,True,16.09577263679116,16.09577263679116,17.979229899298574,17.979229899298574,4,"(255, 6, 5)",False,False
40.111587181843,25.749515080897122,15.563626897297047,58.46640929056373,70.40068173461515,0.0,20.0,0.0,0.0,0.0,"ID_4_(255, 6, 5)_59",4,"(255, 6, 5)","(0, 0, 0)",128,128,True,15.563626897297047,15.563626897297047,26.189057388037618,26.189057388037618,4,"(255, 6, 5)",False,False
27.696985977411394,42.665171657732614,17.410225250656435,328.74042449142945,90.69255953889027,0.0,20.0,0.0,0.0,0.0,"ID_4_(255, 6, 5)_60",4,"(255, 6, 5)","(0, 0, 0)",128,128,True,17.410225250656435,17.410225250656435,23.478163073424483,23.478163073424483,4,"(255, 6, 5)",False,False
26.6422601607356,38.65254180994398,16.565214738075422,212.69500812901614,81.46559481180049,0.0,20.0,0.0,0.0,0.0,"ID_4_(255, 6, 5)_61",4,"(255, 6, 5)","(0, 0, 0)",128,128,True,16.565214738075422,16.565214738075422,25.96822708183654,25.968227081836538,4,"(255, 6, 5)",False,False
49.194514893409426,39.70782381166947,13.974078261376105,219.37627729547484,69.08642611193712,0.0,20.0,0.0,0.0,0.0,"ID_4_(255, 6, 5)_62",4,"(255, 6, 5)","(0, 0, 0)",128,128,True,13.974078261376105,13.974078261376105,10.323647463400578,10.323647463400578,4,"(255, 6, 5)",False,False
67.95096782901852,25.920468272914132,12.94306170509876,183.1416740429598,94.87127769771357,0.0,20.0,0.0,0.0,0.0,"ID_4_(255, 6, 5)_63",4,"(255, 6, 5)","(0, 0, 0)",128,128,True,12.94306170509876,12.94306170509876,30.034331925218396,30.034331925218392,4,"(255, 6, 5)",False,False
68.86256942426587,54.79375081650826,13.996925393532402,298.5080627465285,90.72008172415221,0.0,20.0,0.0,0.0,0.0,"ID_4_(255, 6, 5)_64",4,"(255, 6, 5)","(0, 0, 0)",128,128,True,13.996925393532402,13.9969253935324,19.46218312975251,19.46218312975251,4,"(255, 6, 5)",False,False
61.65710638150775,33.991889514197894,17.890727670771085,66.62286695643185,65.98322085460188,0.0,20.0,0.0,0.0,0.0,"ID_4_(255, 6, 5)_65",4,"(255, 6, 5)","(0, 0, 0)",128,128,True,17.890727670771085,17.890727670771085,19.802720280694675,19.802720280694675,4,"(255, 6, 5)",False,False
28.73954696464468,72.28713953677298,19.92669726446375,125.94830241636276,81.40364508594189,0.0,20.0,0.0,0.0,0.0,"ID_4_(255, 6, 5)_66",4,"(255, 6, 5)","(0, 0, 0)",128,128,True,19.92669726446375,19.92669726446375,30.801354710469127,30.801354710469127,4,"(255, 6, 5)",False,False
38.67534866028384,68.41642788931235,16.073345701468735,331.453938900866,94.30252306799987,0.0,20.0,0.0,0.0,0.0,"ID_4_(255, 6, 5)_67",4,"(255, 6, 5)","(0, 0, 0)",128,128,True,16.073345701468735,16.073345701468735,21.61972581159106,21.61972581159106,4,"(255, 6, 5)",False,False
42.80338616918399,33.46910963860239,12.68066233864371,137.37396520170435,67.25279361797796,0.0,20.0,0.0,0.0,0.0,"ID_4_(255, 6, 5)_68",4,"(255, 6, 5)","(0, 0, 0)",128,128,True,12.68066233864371,12.68066233864371,18.029464406089293,18.029464406089293,4,"(255, 6, 5)",False,False
69.97868572445512,61.48886316610398,16.244141720766066,40.19152898851762,98.70214255375214,0.0,20.0,0.0,0.0,0.0,"ID_4_(255, 6, 5)_69",4,"(255, 6, 5)","(0, 0, 0)",128,128,True,16.244141720766066,16.244141720766066,23.046515140602224,23.046515140602224,4,"(255, 6, 5)",False,False
38.88405758569964,46.057791793293234,19.190371177181497,266.7877699391318,94.56869934384301,0.0,20.0,0.0,0.0,0.0,"ID_4_(255, 6, 5)_70",4,"(255, 6, 5)","(0, 0, 0)",128,128,True,19.190371177181497,19.190371177181497,11.79428595986497,11.79428595986497,4,"(255, 6, 5)",False,False
35.76704441788902,31.609504851096894,18.678451633675213,128.03026263007584,96.85490365036279,0.0,20.0,0.0,0.0,0.0,"ID_4_(255, 6, 5)_71",4,"(255, 6, 5)","(0, 0, 0)",128,128,True,18.678451633675213,18.678451633675213,23.254834689246294,23.254834689246294,4,"(255, 6, 5)",False,False
62.44085234028619,53.162925080293604,14.772233439264845,130.75826143128344,66.65854517518821,0.0,20.0,0.0,0.0,0.0,"ID_4_(255, 6, 5)_72",4,"(255, 6, 5)","(0, 0, 0)",128,128,True,14.772233439264845,14.772233439264845,12.836623466330806,12.836623466330806,4,"(255, 6, 5)",False,False
33.56383128413071,74.92080383412664,9.709812047181916,346.4874612963587,94.29846854837197,0.0,20.0,0.0,0.0,0.0,"ID_4_(255, 6, 5)_73",4,"(255, 6, 5)","(0, 0, 0)",128,128,True,9.709812047181916,9.709812047181916,29.85287433054884,29.85287433054884,4,"(255, 6, 5)",False,False
32.88320555989217,42.16811936838555,18.956549182579778,313.6311906165284,65.15450825795716,0.0,20.0,0.0,0.0,0.0,"ID_4_(255, 6, 5)_74",4,"(255, 6, 5)","(0, 0, 0)",128,128,True,18.956549182579778,18.956549182579778,18.823469556188734,18.823469556188734,4,"(255, 6, 5)",False,False
26.882949295635463,53.451995454228225,16.504334822121585,259.94814293993375,63.79517389955075,0.0,20.0,0.0,0.0,0.0,"ID_4_(255, 6, 5)_75",4,"(255, 6, 5)","(0, 0, 0)",128,128,True,16.504334822121585,16.504334822121585,23.373367448533667,23.373367448533667,4,"(255, 6, 5)",False,False
47.68379006845601,25.339741407694394,18.469828150334415,244.7569552547303,61.23637362925608,0.0,20.0,0.0,0.0,0.0,"ID_4_(255, 6, 5)_76",4,"(255, 6, 5)","(0, 0, 0)",128,128,True,18.469828150334415,18.469828150334415,24.76879452630599,24.76879452630599,4,"(255, 6, 5)",False,False
62.69008371356814,54.85233628391827,13.583092825932642,343.6981371060815,97.74741225516509,0.0,20.0,0.0,0.0,0.0,"ID_4_(255, 6, 5)_77",4,"(255, 6, 5)","(0, 0, 0)",128,128,True,13.583092825932642,13.583092825932642,13.586147064918634,13.586147064918634,4,"(255, 6, 5)",False,False
58.23907384241727,54.57840422605841,15.872517419442959,285.5389811417407,73.31059895989756,0.0,20.0,0.0,0.0,0.0,"ID_4_(255, 6, 5)_78",4,"(255, 6, 5)","(0, 0, 0)",128,128,True,15.872517419442959,15.872517419442959,9.42571604908582,9.42571604908582,4,"(255, 6, 5)",False,False
61.133617931124974,38.93120638571145,18.68504077235184,36.67065562993325,60.23183858340667,0.0,20.0,0.0,0.0,0.0,"ID_4_(255, 6, 5)_79",4,"(255, 6, 5)","(0, 0, 0)",128,128,True,18.68504077235184,18.68504077235184,15.69954267843438,15.69954267843438,4,"(255, 6, 5)",False,False
60.02273631963833,26.93044621629572,12.044024805217814,32.547646161596745,81.4451104507057,0.0,20.0,0.0,0.0,0.0,"ID_4_(255, 6, 5)_80",4,"(255, 6, 5)","(0, 0, 0)",128,128,True,12.044024805217814,12.044024805217814,25.152724606138033,25.15272460613803,4,"(255, 6, 5)",False,False
33.02554892700867,50.59143858177609,13.822454848757092,145.5620705097169,99.77474585718309,0.0,20.0,0.0,0.0,0.0,"ID_4_(255, 6, 5)_81",4,"(255, 6, 5)","(0, 0, 0)",128,128,True,13.822454848757092,13.822454848757094,16.984751656276572,16.984751656276572,4,"(255, 6, 5)",False,False
68.93160936186567,57.358019316625274,11.722956308925793,277.8912366937446,69.69629074037388,0.0,20.0,0.0,0.0,0.0,"ID_4_(255, 6, 5)_82",4,"(255, 6, 5)","(0, 0, 0)",128,128,True,11.722956308925793,11.722956308925793,20.31123534633259,20.31123534633259,4,"(255, 6, 5)",False,False
38.053488540432944,72.20899050824056,18.065341807471828,103.69348834037935,67.27002297501545,0.0,20.0,0.0,0.0,0.0,"ID_4_(255, 6, 5)_83",4,"(255, 6, 5)","(0, 0, 0)",128,128,True,18.065341807471828,18.065341807471828,25.218215548461917,25.218215548461917,4,"(255, 6, 5)",False,False
48.01593187277369,41.08269933275825,11.923379812505011,196.7701583201503,78.62945580648135,0.0,20.0,0.0,0.0,0.0,"ID_4_(255, 6, 5)_84",4,"(255, 6, 5)","(0, 0, 0)",128,128,True,11.923379812505011,11.923379812505011,9.135358642301101,9.135358642301101,4,"(255, 6, 5)",False,False
64.02496807299036,62.900938557745725,10.320423983013873,11.527757298367272,85.80916668768714,0.0,20.0,0.0,0.0,0.0,"ID_4_(255, 6, 5)_85",4,"(255, 6, 5)","(0, 0, 0)",128,128,True,10.320423983013873,10.320423983013873,19.05607370680354,19.05607370680354,4,"(255, 6, 5)",False,False
40.51252334227584,27.585995201030443,12.39739139132371,143.1923381373029,66.98853130229524,0.0,20.0,0.0,0.0,0.0,"ID_4_(255, 6, 5)_86",4,"(255, 6, 5)","(0, 0, 0)",128,128,True,12.39739139132371,12.39739139132371,24.339265076396433,24.339265076396433,4,"(255, 6, 5)",False,False
70.30518963620749,48.0867828583672,16.90487045006325,130.35394942233523,62.90812445758454,0.0,20.0,0.0,0.0,0.0,"ID_4_(255, 6, 5)_87",4,"(255, 6, 5)","(0, 0, 0)",128,128,True,16.90487045006325,16.90487045006325,20.395125054615026,20.395125054615026,4,"(255, 6, 5)",False,False
25.268042233804554,60.48223179625196,19.65342131981309,127.59531030248596,83.24464470750712,0.0,20.0,0.0,0.0,0.0,"ID_4_(255, 6, 5)_88",4,"(255, 6, 5)","(0, 0, 0)",128,128,True,19.65342131981309,19.65342131981309,26.86162538602664,26.86162538602664,4,"(255, 6, 5)",False,False
50.73204059560234,32.30730861480748,18.270378794205264,310.6267141350488,72.80053009903258,0.0,20.0,0.0,0.0,0.0,"ID_4_(255, 6, 5)_89",4,"(255, 6, 5)","(0, 0, 0)",128,128,True,18.270378794205264,18.270378794205264,17.707829112719477,17.707829112719477,4,"(255, 6, 5)",False,False
44.56414592649513,38.86927078702726,18.77202845421238,192.47298401591723,63.32705769916001,0.0,20.0,0.0,0.0,0.0,"ID_4_(255, 6, 5)_90",4,"(255, 6, 5)","(0, 0, 0)",128,128,True,18.77202845421238,18.77202845421238,12.38715634522162,12.38715634522162,4,"(255, 6, 5)",False,False
35.62062256922226,30.981912318145998,15.316347759263696,278.7013866609033,94.1216664871203,0.0,20.0,0.0,0.0,0.0,"ID_4_(255, 6, 5)_91",4,"(255, 6, 5)","(0, 0, 0)",128,128,True,15.316347759263696,15.316347759263698,23.84227661888535,23.84227661888535,4,"(255, 6, 5)",False,False
30.849086993411024,44.169827062267785,10.972071902599964,236.09770999740763,99.90564951155436,0.0,20.0,0.0,0.0,0.0,"ID_4_(255, 6, 5)_92",4,"(255, 6, 5)","(0, 0, 0)",128,128,True,10.972071902599964,10.972071902599964,20.018700893659506,20.018700893659506,4,"(255, 6, 5)",False,False
42.62334032668726,66.39355399404583,14.323556765463639,162.39887822469845,69.4521762381112,0.0,20.0,0.0,0.0,0.0,"ID_4_(255, 6, 5)_93",4,"(255, 6, 5)","(0, 0, 0)",128,128,True,14.323556765463639,14.323556765463639,17.976755004493285,17.976755004493285,4,"(255, 6, 5)",False,False
68.64566570442119,69.2303936117799,17.49873430910933,76.21977546719874,60.09196566658833,0.0,20.0,0.0,0.0,0.0,"ID_4_(255, 6, 5)_94",4,"(255, 6, 5)","(0, 0, 0)",128,128,True,17.49873430910933,17.49873430910933,26.785609719119964,26.785609719119964,4,"(255, 6, 5)",False,False
72.98012814450246,52.376209175309015,17.38548922095231,292.26988643916366,81.37390069875197,0.0,20.0,0.0,0.0,0.0,"ID_4_(255, 6, 5)_95",4,"(255, 6, 5)","(0, 0, 0)",128,128,True,17.38548922095231,17.38548922095231,23.102654816764606,23.102654816764606,4,"(255, 6, 5)",False,False
58.81534883600084,26.63709931332332,19.515090241860324,327.70164942094675,94.6304469066385,0.0,20.0,0.0,0.0,0.0,"ID_4_(255, 6, 5)_96",4,"(255, 6, 5)","(0, 0, 0)",128,128,True,19.515090241860324,19.515090241860324,24.97069289378849,24.97069289378849,4,"(255, 6, 5)",False,False
69.4083809657624,62.24729066376958,18.646958261977748,8.331442178642083,94.93949602267845,0.0,20.0,0.0,0.0,0.0,"ID_4_(255, 6, 5)_97",4,"(255, 6, 5)","(0, 0, 0)",128,128,True,18.646958261977748,18.646958261977748,22.94953987153176,22.949539871531762,4,"(255, 6, 5)",False,False
42.10839485776974,39.238069525571674,17.456498621589766,119.1102205266593,95.58930586426098,0.0,20.0,0.0,0.0,0.0,"ID_4_(255, 6, 5)_98",4,"(255, 6, 5)","(0, 0, 0)",128,128,True,17.456498621589766,17.456498621589766,13.345283033990107,13.345283033990107,4,"(255, 6, 5)",False,False
26.910698521884015,50.34565140829555,14.615654951262774,193.77070660192263,73.95541741223067,0.0,20.0,0.0,0.0,0.0,"ID_4_(255, 6, 5)_99",4,"(255, 6, 5)","(0, 0, 0)",128,128,True,14.615654951262774,14.615654951262774,23.0918885681398,23.0918885681398,4,"(255, 6, 5)",False,False
36.024839750511546,29.587592542114116,13.533509253199135,87.53217369391882,91.6242871147852,0.0,20.0,0.0,0.0,0.0,"ID_4_(255, 6, 5)_100",4,"(255, 6, 5)","(0, 0, 0)",128,128,True,13.533509253199135,13.533509253199135,24.738057365638827,24.738057365638827,4,"(255, 6, 5)",False,False
63.76471135689371,53.410110994483084,16.025674413743502,97.6700264686813,92.70084669195244,0.0,20.0,0.0,0.0,0.0,"ID_4_(255, 6, 5)_101",4,"(255, 6, 5)","(0, 0, 0)",128,128,True,16.025674413743502,16.025674413743502,14.180836919353286,14.180836919353288,4,"(255, 6, 5)",False,False
29.55870016374015,58.76564479911082,17.159216117770068,288.30831057729546,77.97381819021709,0.0,20.0,0.0,0.0,0.0,"ID_4_(255, 6, 5)_102",4,"(255, 6, 5)","(0, 0, 0)",128,128,True,17.159216117770068,17.159216117770068,22.241476294078492,22.241476294078492,4,"(255, 6, 5)",False,False
38.33775737883094,42.776344478610206,12.736817687184459,233.24505438157146,74.94805004349479,0.0,20.0,0.0,0.0,0.0,"ID_4_(255, 6, 5)_103",4,"(255, 6, 5)","(0, 0, 0)",128,128,True,12.736817687184459,12.736817687184459,13.718203309716522,13.718203309716522,4,"(255, 6, 5)",False,False
25.512704698000398,41.59258096391283,9.987586292507533,275.669668893241,89.32200124375197,0.0,20.0,0.0,0.0,0.0,"ID_4_(255, 6, 5)_104",4,"(255, 6, 5)","(0, 0, 0)",128,128,True,9.987586292507533,9.987586292507533,25.890390612265637,25.890390612265637,4,"(255, 6, 5)",False,False
52.28053633723286,62.63423343018189,16.641776647806537,287.1724409378175,97.7909018089197,0.0,20.0,0.0,0.0,0.0,"ID_4_(255, 6, 5)_105",4,"(255, 6, 5)","(0, 0, 0)",128,128,True,16.641776647806537,16.641776647806537,12.838407235859323,12.838407235859325,4,"(255, 6, 5)",False,False
32.02597940600226,25.15912285524804,19.44871355526552,253.09651781802307,80.21027487885056,0.0,20.0,0.0,0.0,0.0,"ID_4_(255, 6, 5)_106",4,"(255, 6, 5)","(0, 0, 0)",128,128,True,19.44871355526552,19.44871355526552,30.661614335095198,30.661614335095194,4,"(255, 6, 5)",False,False
37.431966869949996,67.71627597263017,13.992689860042397,38.07739142863811,66.25925152833331,0.0,20.0,0.0,0.0,0.0,"ID_4_(255, 6, 5)_107",4,"(255, 6, 5)","(0, 0, 0)",128,128,True,13.992689860042397,13.992689860042397,21.721461532236443,21.721461532236443,4,"(255, 6, 5)",False,False
40.50384822680073,60.772777128233656,14.703122883443841,181.52190486916692,98.76971800664495,0.0,20.0,0.0,0.0,0.0,"ID_4_(255, 6, 5)_108",4,"(255, 6, 5)","(0, 0, 0)",128,128,True,14.703122883443841,14.703122883443841,14.360697251673745,14.360697251673747,4,"(255, 6, 5)",False,False
55.56792647913213,49.99947518081893,16.248580138496838,4.696963113439709,65.24065178185091,0.0,20.0,0.0,0.0,0.0,"ID_4_(255, 6, 5)_109",4,"(255, 6, 5)","(0, 0, 0)",128,128,True,16.248580138496838,16.248580138496838,5.567926503866222,5.567926503866222,4,"(255, 6, 5)",False,False
67.53750544900919,30.365784430458987,14.586528117798249,16.76893164270564,83.49348037115493,0.0,20.0,0.0,0.0,0.0,"ID_4_(255, 6, 5)_110",4,"(255, 6, 5)","(0, 0, 0)",128,128,True,14.586528117798249,14.586528117798247,26.32615654449456,26.326156544494562,4,"(255, 6, 5)",False,False
44.31032793329062,35.30515290303754,16.60597327604899,82.09866634592191,81.12020691818931,0.0,20.0,0.0,0.0,0.0,"ID_4_(255, 6, 5)_111",4,"(255, 6, 5)","(0, 0, 0)",128,128,True,16.60597327604899,16.60597327604899,15.757883723070147,15.757883723070147,4,"(255, 6, 5)",False,False
50.45644957623473,27.21752506820051,18.223792577493924,242.9908840224491,87.38082328993573,0.0,20.0,0.0,0.0,0.0,"ID_4_(255, 6, 5)_112",4,"(255, 6, 5)","(0, 0, 0)",128,128,True,18.223792577493924,18.223792577493924,22.787046983620257,22.787046983620257,4,"(255, 6, 5)",False,False
48.588883514734604,57.22225152572614,12.92362098289194,234.51307044840723,75.35339913553436,0.0,20.0,0.0,0.0,0.0,"ID_4_(255, 6, 5)_113",4,"(255, 6, 5)","(0, 0, 0)",128,128,True,12.92362098289194,12.92362098289194,7.358815586481385,7.358815586481385,4,"(255, 6, 5)",False,False
48.12713741282258,54.84438623934,16.032391771413888,194.8741648578872,86.89968243029749,0.0,20.0,0.0,0.0,0.0,"ID_4_(255, 6, 5)_114",4,"(255, 6, 5)","(0, 0, 0)",128,128,True,16.032391771413888,16.032391771413888,5.193812887114401,5.193812887114401,4,"(255, 6, 5)",False,False
33.22942263797284,50.473599783189115,14.425883316949095,46.70691975327672,74.26472993890661,0.0,20.0,0.0,0.0,0.0,"ID_4_(255, 6, 5)_115",4,"(255, 6, 5)","(0, 0, 0)",128,128,True,14.425883316949095,14.425883316949095,16.777263239586325,16.777263239586325,4,"(255, 6, 5)",False,False
53.59476512565694,43.19971286502155,16.704692877279946,27.456975189236175,92.14335561116755,0.0,20.0,0.0,0.0,0.0,"ID_4_(255, 6, 5)_116",4,"(255, 6, 5)","(0, 0, 0)",128,128,True,16.704692877279946,16.704692877279946,7.691959531016316,7.691959531016316,4,"(255, 6, 5)",False,False
51.829918992340474,31.91197705354977,18.32079945029316,18.24036334604748,83.52288256278615,0.0,20.0,0.0,0.0,0.0,"ID_4_(255, 6, 5)_117",4,"(255, 6, 5)","(0, 0, 0)",128,128,True,18.32079945029316,18.32079945029316,18.18035141656614,18.18035141656614,4,"(255, 6, 5)",False,False
48.77008767562755,73.87100943710337,15.70328976651153,104.66686408110587,91.76493556962714,0.0,20.0,0.0,0.0,0.0,"ID_4_(255, 6, 5)_118",4,"(255, 6, 5)","(0, 0, 0)",128,128,True,15.70328976651153,15.70328976651153,23.902672985921914,23.902672985921914,4,"(255, 6, 5)",False,False
58.42628122194703,49.151074332809515,20.02105356931707,115.6548302153995,94.08635658478204,0.0,20.0,0.0,0.0,0.0,"ID_4_(255, 6, 5)_119",4,"(255, 6, 5)","(0, 0, 0)",128,128,True,20.02105356931707,20.02105356931707,8.468936770324357,8.468936770324357,4,"(255, 6, 5)",False,False
37.11192791842044,56.420026969524294,17.145133310557956,224.62366113708893,91.99357945226691,0.0,20.0,0.0,0.0,0.0,"ID_4_(255, 6, 5)_120",4,"(255, 6, 5)","(0, 0, 0)",128,128,True,17.145133310557956,17.145133310557956,14.398581467263007,14.398581467263007,4,"(255, 6, 5)",False,False
33.572822763296195,72.96803644470779,9.704785305930763,169.3582367002143,88.94941413428668,0.0,20.0,0.0,0.0,0.0,"ID_4_(255, 6, 5)_121",4,"(255, 6, 5)","(0, 0, 0)",128,128,True,9.704785305930763,9.704785305930763,28.237968235896595,28.237968235896595,4,"(255, 6, 5)",False,False
38.7619583340458,60.06283703406338,17.147694354579162,246.9652460435932,64.60348658372736,0.0,20.0,0.0,0.0,0.0,"ID_4_(255, 6, 5)_122",4,"(255, 6, 5)","(0, 0, 0)",128,128,True,17.147694354579162,17.147694354579162,15.084902043428723,15.084902043428723,4,"(255, 6, 5)",False,False
49.60637818271244,38.56375937312565,20.193919641022372,18.440946281717725,73.3376896184255,0.0,20.0,0.0,0.0,0.0,"ID_4_(255, 6, 5)_123",4,"(255, 6, 5)","(0, 0, 0)",128,128,True,20.193919641022372,20.193919641022372,11.44301261953408,11.44301261953408,4,"(255, 6, 5)",False,False
44.801789812002546,43.203357743385155,12.446535019070474,216.158392024096,81.01847815485077,0.0,20.0,0.0,0.0,0.0,"ID_4_(255, 6, 5)_124",4,"(255, 6, 5)","(0, 0, 0)",128,128,True,12.446535019070474,12.446535019070474,8.556619374671463,8.556619374671463,4,"(255, 6, 5)",False,False
35.44845466436344,25.608516117127046,13.328979080308354,358.10304879449865,75.12549033218482,0.0,20.0,0.0,0.0,0.0,"ID_4_(255, 6, 5)_125",4,"(255, 6, 5)","(0, 0, 0)",128,128,True,13.328979080308354,13.328979080308354,28.402323103287472,28.402323103287472,4,"(255, 6, 5)",False,False
34.891943576186364,28.245206772900243,16.435370256491257,205.81837153501067,99.21627124941648,0.0,20.0,0.0,0.0,0.0,"ID_4_(255, 6, 5)_126",4,"(255, 6, 5)","(0, 0, 0)",128,128,True,16.435370256491257,16.435370256491257,26.48630584394513,26.48630584394513,4,"(255, 6, 5)",False,False
61.319722240979104,50.413572090809595,13.542569655049977,178.36216005784553,88.01306799861806,0.0,20.0,0.0,0.0,0.0,"ID_4_(255, 6, 5)_127",4,"(255, 6, 5)","(0, 0, 0)",128,128,True,13.542569655049977,13.542569655049977,11.327274759941757,11.327274759941757,4,"(255, 6, 5)",False,False
41.17775029449412,50.274954076569415,19.420822085428846,174.83182735077511,96.49724992597326,0.0,20.0,0.0,0.0,0.0,"ID_4_(255, 6, 5)_128",4,"(255, 6, 5)","(0, 0, 0)",128,128,True,19.420822085428846,19.420822085428846,8.82653327249837,8.82653327249837,4,"(255, 6, 5)",False,False
53.82778842761328,70.52138115196598,15.892293368923985,340.4124748120252,88.20396517566479,0.0,20.0,0.0,0.0,0.0,"ID_4_(255, 6, 5)_129",4,"(255, 6, 5)","(0, 0, 0)",128,128,True,15.892293368923985,15.892293368923985,20.875321521615774,20.875321521615774,4,"(255, 6, 5)",False,False
68.72470005269543,27.03289946468973,16.748670550761744,282.317870361789,80.05650009495795,0.0,20.0,0.0,0.0,0.0,"ID_4_(255, 6, 5)_130",4,"(255, 6, 5)","(0, 0, 0)",128,128,True,16.748670550761744,16.748670550761744,29.632787568206627,29.632787568206627,4,"(255, 6, 5)",False,False
25.72014810051867,63.97378211667535,14.078706388767442,166.2704464966417,61.755322467303806,0.0,20.0,0.0,0.0,0.0,"ID_4_(255, 6, 5)_131",4,"(255, 6, 5)","(0, 0, 0)",128,128,True,14.078706388767442,14.078706388767442,28.013885751624372,28.013885751624372,4,"(255, 6, 5)",False,False
41.23642201835527,45.77371436556088,17.510749452855954,280.54649843923175,71.76571774093237,0.0,20.0,0.0,0.0,0.0,"ID_4_(255, 6, 5)_132",4,"(255, 6, 5)","(0, 0, 0)",128,128,True,17.510749452855954,17.510749452855954,9.729429032797086,9.729429032797086,4,"(255, 6, 5)",False,False
37.21563208296453,59.486468993091066,14.68694486758472,113.25851210648547,98.05130436964872,0.0,20.0,0.0,0.0,0.0,"ID_4_(255, 6, 5)_133",4,"(255, 6, 5)","(0, 0, 0)",128,128,True,14.68694486758472,14.68694486758472,15.919584071042935,15.919584071042937,4,"(255, 6, 5)",False,False
74.14192627099395,47.6240344118265,19.53750550062488,319.4304624622825,92.52192543037538,0.0,20.0,0.0,0.0,0.0,"ID_4_(255, 6, 5)_134",4,"(255, 6, 5)","(0, 0, 0)",128,128,True,19.53750550062488,19.53750550062488,24.258561716439257,24.258561716439257,4,"(255, 6, 5)",False,False
59.0005604721307,51.98736855904406,16.839411948064928,206.3795307637228,86.48998430500914,0.0,20.0,0.0,0.0,0.0,"ID_4_(255, 6, 5)_135",4,"(255, 6, 5)","(0, 0, 0)",128,128,True,16.839411948064928,16.839411948064928,9.217359849867991,9.217359849867991,4,"(255, 6, 5)",False,False
60.70231920879233,53.27978838523349,13.456360472557648,42.89400080994086,66.79700672498055,0.0,20.0,0.0,0.0,0.0,"ID_4_(255, 6, 5)_136",4,"(255, 6, 5)","(0, 0, 0)",128,128,True,13.456360472557648,13.456360472557648,11.193598541076852,11.193598541076854,4,"(255, 6, 5)",False,False
30.020411993813244,37.245647232010135,15.943318096763244,269.925893907008,78.71356945703435,0.0,20.0,0.0,0.0,0.0,"ID_4_(255, 6, 5)_137",4,"(255, 6, 5)","(0, 0, 0)",128,128,True,15.943318096763244,15.943318096763244,23.703532467277793,23.703532467277793,4,"(255, 6, 5)",False,False
60.28132147510906,42.118815905788736,15.603223335243324,295.9931975747693,91.02737039668965,0.0,20.0,0.0,0.0,0.0,"ID_4_(255, 6, 5)_138",4,"(255, 6, 5)","(0, 0, 0)",128,128,True,15.603223335243324,15.603223335243324,12.954483162264227,12.954483162264228,4,"(255, 6, 5)",False,False
66.45824128156104,69.00037980802831,19.25078618235894,8.370873484607522,68.6638023505222,0.0,20.0,0.0,0.0,0.0,"ID_4_(255, 6, 5)_139",4,"(255, 6, 5)","(0, 0, 0)",128,128,True,19.25078618235894,19.25078618235894,25.137385284301352,25.137385284301352,4,"(255, 6, 5)",False,False
25.386015241016423,51.02205712455977,15.62980815096999,170.7471556466126,81.64534544643894,0.0,20.0,0.0,0.0,0.0,"ID_4_(255, 6, 5)_140",4,"(255, 6, 5)","(0, 0, 0)",128,128,True,15.62980815096999,15.62980815096999,24.63519527995139,24.63519527995139,4,"(255, 6, 5)",False,False
66.85785423766299,50.07874355317381,16.04823252851433,1.6254793619522268,77.82089947233722,0.0,20.0,0.0,0.0,0.0,"ID_4_(255, 6, 5)_141",4,"(255, 6, 5)","(0, 0, 0)",128,128,True,16.04823252851433,16.04823252851433,16.858038143433493,16.858038143433493,4,"(255, 6, 5)",False,False
74.85267822215816,61.55868591469434,12.710274743488128,129.3980487049619,68.49519571941582,0.0,20.0,0.0,0.0,0.0,"ID_4_(255, 6, 5)_142",4,"(255, 6, 5)","(0, 0, 0)",128,128,True,12.710274743488128,12.710274743488128,27.4091013148678,27.409101314867804,4,"(255, 6, 5)",False,False
63.85599527266643,61.951359581102885,16.724188619872116,359.31137834669994,90.29145959047909,0.0,20.0,0.0,0.0,0.0,"ID_4_(255, 6, 5)_143",4,"(255, 6, 5)","(0, 0, 0)",128,128,True,16.724188619872116,16.724188619872116,18.29818572517435,18.29818572517435,4,"(255, 6, 5)",False,False
34.94548744812661,34.4660146094773,15.529422219029227,191.1999803394528,88.72669442969666,0.0,20.0,0.0,0.0,0.0,"ID_4_(255, 6, 5)_144",4,"(255, 6, 5)","(0, 0, 0)",128,128,True,15.529422219029227,15.529422219029227,21.631991362042612,21.631991362042612,4,"(255, 6, 5)",False,False
46.21913444219999,51.265909815999244,16.312100582804543,129.1610717842454,75.91758558381447,0.0,20.0,0.0,0.0,0.0,"ID_4_(255, 6, 5)_145",4,"(255, 6, 5)","(0, 0, 0)",128,128,True,16.312100582804543,16.312100582804543,3.987163406282923,3.987163406282923,4,"(255, 6, 5)",False,False
73.08680748174544,48.541474884986435,19.43557559249917,325.35085285822447,90.63434748625994,0.0,20.0,0.0,0.0,0.0,"ID_4_(255, 6, 5)_146",4,"(255, 6, 5)","(0, 0, 0)",128,128,True,19.43557559249917,19.43557559249917,23.132833272435576,23.132833272435576,4,"(255, 6, 5)",False,False
56.02350242485423,63.11929056283847,13.515467926425885,207.9166546795133,80.89128919255543,0.0,20.0,0.0,0.0,0.0,"ID_4_(255, 6, 5)_147",4,"(255, 6, 5)","(0, 0, 0)",128,128,True,13.515467926425885,13.515467926425886,14.436009363200322,14.436009363200322,4,"(255, 6, 5)",False,False
47.02527638533049,61.90246516680824,14.961336704930744,93.04590510915015,96.74632279181007,0.0,20.0,0.0,0.0,0.0,"ID_4_(255, 6, 5)_148",4,"(255, 6, 5)","(0, 0, 0)",128,128,True,14.961336704930744,14.961336704930746,12.268563796580102,12.268563796580102,4,"(255, 6, 5)",False,False
37.1751214045354,29.28462799251048,11.074424184556419,319.02434196133305,79.2570987065219,0.0,20.0,0.0,0.0,0.0,"ID_4_(255, 6, 5)_149",4,"(255, 6, 5)","(0, 0, 0)",128,128,True,11.074424184556419,11.074424184556419,24.363992866463544,24.363992866463544,4,"(255, 6, 5)",False,False
65.0518873911573,38.89549498409855,17.50322497656604,336.0084645164672,90.24394418264274,0.0,20.0,0.0,0.0,0.0,"ID_4_(255, 6, 5)_150",4,"(255, 6, 5)","(0, 0, 0)",128,128,True,17.50322497656604,17.50322497656604,18.704794724461973,18.704794724461973,4,"(255, 6, 5)",False,False
64.81067072312638,41.35455279166362,15.662457986723819,70.27158634256075,70.32427030067828,0.0,20.0,0.0,0.0,0.0,"ID_4_(255, 6, 5)_151",4,"(255, 6, 5)","(0, 0, 0)",128,128,True,15.662457986723819,15.662457986723819,17.149335984259103,17.149335984259103,4,"(255, 6, 5)",False,False
34.14785757688293,37.07857698757844,21.545777512208144,329.1499333471893,96.15210538480042,0.0,20.0,0.0,0.0,0.0,"ID_4_(255, 6, 5)_152",4,"(255, 6, 5)","(0, 0, 0)",128,128,True,21.545777512208144,21.545777512208144,20.451249156682962,20.451249156682962,4,"(255, 6, 5)",False,False
57.68795383905116,36.82035940459137,9.096408329360564,315.33571513146313,84.48155300037378,0.0,20.0,0.0,0.0,0.0,"ID_4_(255, 6, 5)_153",4,"(255, 6, 5)","(0, 0, 0)",128,128,True,9.096408329360564,9.096408329360564,15.25803265350827,15.25803265350827,4,"(255, 6, 5)",False,False
36.28731097139527,65.98574360539163,13.943603669263258,32.93676277363036,87.77653483396747,0.0,20.0,0.0,0.0,0.0,"ID_4_(255, 6, 5)_154",4,"(255, 6, 5)","(0, 0, 0)",128,128,True,13.943603669263258,13.943603669263258,21.06138264721801,21.06138264721801,4,"(255, 6, 5)",False,False
63.66050888844318,39.65626665586526,17.14439593796384,214.48050011835463,68.46966658831798,0.0,20.0,0.0,0.0,0.0,"ID_4_(255, 6, 5)_155",4,"(255, 6, 5)","(0, 0, 0)",128,128,True,17.14439593796384,17.14439593796384,17.13482776644691,17.13482776644691,4,"(255, 6, 5)",False,False
44.73783272112796,48.805647546996966,18.015287028413866,204.2387792435913,96.27438317017041,0.0,20.0,0.0,0.0,0.0,"ID_4_(255, 6, 5)_156",4,"(255, 6, 5)","(0, 0, 0)",128,128,True,18.015287028413866,18.015287028413866,5.3960061390648875,5.3960061390648875,4,"(255, 6, 5)",False,False
35.81038471956225,50.21307142846161,10.763484479761074,353.3928751430526,99.7537984017735,0.0,20.0,0.0,0.0,0.0,"ID_4_(255, 6, 5)_157",4,"(255, 6, 5)","(0, 0, 0)",128,128,True,10.763484479761074,10.763484479761074,14.191214931797036,14.191214931797038,4,"(255, 6, 5)",False,False
46.3284564637641,46.48691819937983,16.028806276421854,268.44423088533495,90.28230655867758,0.0,20.0,0.0,0.0,0.0,"ID_4_(255, 6, 5)_158",4,"(255, 6, 5)","(0, 0, 0)",128,128,True,16.028806276421854,16.028806276421854,5.081532807758333,5.081532807758333,4,"(255, 6, 5)",False,False
60.83222306846942,34.827671407985235,12.654324468962717,157.26432658344714,66.79852540885246,0.0,20.0,0.0,0.0,0.0,"ID_4_(255, 6, 5)_159",4,"(255, 6, 5)","(0, 0, 0)",128,128,True,12.654324468962717,12.654324468962717,18.642333853601855,18.642333853601855,4,"(255, 6, 5)",False,False
31.124085689828885,25.9726970503379,17.054062772213264,147.46123361242326,99.54576705046452,0.0,20.0,0.0,0.0,0.0,"ID_4_(255, 6, 5)_160",4,"(255, 6, 5)","(0, 0, 0)",128,128,True,17.054062772213264,17.054062772213264,30.55505568772153,30.555055687721527,4,"(255, 6, 5)",False,False
38.88463980857468,62.62609426698585,15.799173897886078,334.63784176749493,64.82374400270147,0.0,20.0,0.0,0.0,0.0,"ID_4_(255, 6, 5)_161",4,"(255, 6, 5)","(0, 0, 0)",128,128,True,15.799173897886078,15.799173897886078,16.82169696029315,16.82169696029315,4,"(255, 6, 5)",False,False
27.566097583416582,43.26833834414927,10.98997860075762,166.8279632499687,78.86494632501626,0.0,20.0,0.0,0.0,0.0,"ID_4_(255, 6, 5)_162",4,"(255, 6, 5)","(0, 0, 0)",128,128,True,10.98997860075762,10.98997860075762,23.422110201381052,23.422110201381052,4,"(255, 6, 5)",False,False
68.51190418947682,52.53893842907581,18.882897167090544,278.7019562372517,81.11911276946616,0.0,20.0,0.0,0.0,0.0,"ID_4_(255, 6, 5)_163",4,"(255, 6, 5)","(0, 0, 0)",128,128,True,18.882897167090544,18.882897167090544,18.685202837191987,18.685202837191987,4,"(255, 6, 5)",False,False
47.45393263514445,49.624005695800534,6.9138969512378825,158.30704312760798,97.57742757044413,0.0,20.0,0.0,0.0,0.0,"ID_4_(255, 6, 5)_164",4,"(255, 6, 5)","(0, 0, 0)",128,128,True,6.9138969512378825,6.9138969512378825,2.573680388698826,2.573680388698826,4,"(255, 6, 5)",False,False
49.86036826685496,35.508364244098104,16.122043193233342,30.25703419583926,72.3391647855612,0.0,20.0,0.0,0.0,0.0,"ID_4_(255, 6, 5)_165",4,"(255, 6, 5)","(0, 0, 0)",128,128,True,16.122043193233342,16.122043193233342,14.492308439397618,14.492308439397618,4,"(255, 6, 5)",False,False
44.112655853262595,53.62666363426116,14.740298339544658,190.8601065250914,88.25384033202606,0.0,20.0,0.0,0.0,0.0,"ID_4_(255, 6, 5)_166",4,"(255, 6, 5)","(0, 0, 0)",128,128,True,14.740298339544658,14.740298339544658,6.914731391615699,6.914731391615699,4,"(255, 6, 5)",False,False
71.3969821165249,61.775790608718104,14.741212769595819,24.230377917566823,87.87275778731703,0.0,20.0,0.0,0.0,0.0,"ID_4_(255, 6, 5)_167",4,"(255, 6, 5)","(0, 0, 0)",128,128,True,14.741212769595819,14.741212769595817,24.423351288372768,24.423351288372768,4,"(255, 6, 5)",False,False
70.6439244719195,42.26873187069216,16.90484401342942,201.9683077725183,78.71135325057244,0.0,20.0,0.0,0.0,0.0,"ID_4_(255, 6, 5)_168",4,"(255, 6, 5)","(0, 0, 0)",128,128,True,16.90484401342942,16.90484401342942,22.04414036630978,22.04414036630978,4,"(255, 6, 5)",False,False
64.26553296148278,32.24565061823299,12.389389201921794,299.09696228516566,69.30807326798433,0.0,20.0,0.0,0.0,0.0,"ID_4_(255, 6, 5)_169",4,"(255, 6, 5)","(0, 0, 0)",128,128,True,12.389389201921794,12.389389201921794,22.775477001481264,22.775477001481264,4,"(255, 6, 5)",False,False
61.14026581432297,47.83376923953945,16.804868669219665,291.02504825001006,90.54626455058903,0.0,20.0,0.0,0.0,0.0,"ID_4_(255, 6, 5)_170",4,"(255, 6, 5)","(0, 0, 0)",128,128,True,16.804868669219665,16.804868669219665,11.348924095320163,11.348924095320163,4,"(255, 6, 5)",False,False
37.88843530701109,54.96908576011832,15.908151615628576,331.995437571456,69.93168896289056,0.0,20.0,0.0,0.0,0.0,"ID_4_(255, 6, 5)_171",4,"(255, 6, 5)","(0, 0, 0)",128,128,True,15.908151615628576,15.908151615628576,13.091287660267271,13.091287660267271,4,"(255, 6, 5)",False,False
63.52391502053687,68.03671337909458,10.25675913268637,314.58168218192156,64.52130541007959,0.0,20.0,0.0,0.0,0.0,"ID_4_(255, 6, 5)_172",4,"(255, 6, 5)","(0, 0, 0)",128,128,True,10.25675913268637,10.256759132686371,22.54371990161145,22.54371990161145,4,"(255, 6, 5)",False,False
71.6636772027774,49.0316716360465,11.161878601632427,228.64641458853947,76.6557094741114,0.0,20.0,0.0,0.0,0.0,"ID_4_(255, 6, 5)_173",4,"(255, 6, 5)","(0, 0, 0)",128,128,True,11.161878601632427,11.161878601632427,21.685307693610756,21.685307693610756,4,"(255, 6, 5)",False,False
65.71722856310446,69.5656582823339,18.027491181016387,152.81974322284003,76.14566800911338,0.0,20.0,0.0,0.0,0.0,"ID_4_(255, 6, 5)_174",4,"(255, 6, 5)","(0, 0, 0)",128,128,True,18.027491181016387,18.027491181016387,25.096737989745353,25.096737989745353,4,"(255, 6, 5)",False,False
43.99201915184132,37.53770653422388,17.77545951153173,344.3702128952286,84.40990372527018,0.0,20.0,0.0,0.0,0.0,"ID_4_(255, 6, 5)_175",4,"(255, 6, 5)","(0, 0, 0)",128,128,True,17.77545951153173,17.77545951153173,13.834904853267611,13.83490485326761,4,"(255, 6, 5)",False,False
36.669875595606214,62.16323980455828,17.085815908102266,286.5374964233092,70.7992571739906,0.0,20.0,0.0,0.0,0.0,"ID_4_(255, 6, 5)_176",4,"(255, 6, 5)","(0, 0, 0)",128,128,True,17.085815908102266,17.085815908102266,18.04540437839523,18.04540437839523,4,"(255, 6, 5)",False,False
37.27482544267103,45.23681049005598,17.771811998964626,173.29235495977335,61.31344222886253,0.0,20.0,0.0,0.0,0.0,"ID_4_(255, 6, 5)_177",4,"(255, 6, 5)","(0, 0, 0)",128,128,True,17.771811998964626,17.771811998964626,13.587422191944038,13.587422191944038,4,"(255, 6, 5)",False,False
54.92700361924926,39.24011187272325,19.737871039004066,78.46710670330042,78.47802685620287,0.0,20.0,0.0,0.0,0.0,"ID_4_(255, 6, 5)_178",4,"(255, 6, 5)","(0, 0, 0)",128,128,True,19.737871039004066,19.737871039004066,11.83429580395921,11.83429580395921,4,"(255, 6, 5)",False,False
68.9524196368836,46.51681999752735,17.193049369124648,217.24402139727735,96.74056513543226,0.0,20.0,0.0,0.0,0.0,"ID_4_(255, 6, 5)_179",4,"(255, 6, 5)","(0, 0, 0)",128,128,True,17.193049369124648,17.193049369124648,19.269840503287945,19.269840503287945,4,"(255, 6, 5)",False,False
54.06786077520171,53.24365124804814,18.186944239295766,309.42062756300476,75.20139880680748,0.0,20.0,0.0,0.0,0.0,"ID_4_(255, 6, 5)_180",4,"(255, 6, 5)","(0, 0, 0)",128,128,True,18.186944239295766,18.186944239295766,5.202765101884659,5.20276510188466,4,"(255, 6, 5)",False,False
60.39839143089708,30.799391412508815,12.982076430671443,307.2093093316433,67.57581142670222,0.0,20.0,0.0,0.0,0.0,"ID_4_(255, 6, 5)_181",4,"(255, 6, 5)","(0, 0, 0)",128,128,True,12.982076430671443,12.982076430671443,21.83551956057364,21.83551956057364,4,"(255, 6, 5)",False,False
29.538711862591605,25.505715393708307,9.783446345637612,224.7154403509861,67.03197335542743,0.0,20.0,0.0,0.0,0.0,"ID_4_(255, 6, 5)_182",4,"(255, 6, 5)","(0, 0, 0)",128,128,True,9.783446345637612,9.783446345637612,31.916050673854805,31.916050673854805,4,"(255, 6, 5)",False,False
70.76525779764094,58.92670666854606,15.016620110017818,299.3941983484377,76.86905461372639,0.0,20.0,0.0,0.0,0.0,"ID_4_(255, 6, 5)_183",4,"(255, 6, 5)","(0, 0, 0)",128,128,True,15.016620110017818,15.016620110017818,22.602699470389652,22.602699470389652,4,"(255, 6, 5)",False,False
36.97328920827307,60.133220129757156,17.58987065002966,219.07051893088266,84.17041994438546,0.0,20.0,0.0,0.0,0.0,"ID_4_(255, 6, 5)_184",4,"(255, 6, 5)","(0, 0, 0)",128,128,True,17.58987065002966,17.58987065002966,16.503858465504678,16.503858465504678,4,"(255, 6, 5)",False,False
51.229760332255324,31.38457475066072,21.835131558377647,58.68937236707077,75.65587147567668,0.0,20.0,0.0,0.0,0.0,"ID_4_(255, 6, 5)_185",4,"(255, 6, 5)","(0, 0, 0)",128,128,True,21.835131558377647,21.835131558377647,18.656000849285117,18.656000849285117,4,"(255, 6, 5)",False,False
41.0898998458256,31.10643586165416,5.6699174696464585,152.4312793816481,87.47830392126207,0.0,20.0,0.0,0.0,0.0,"ID_4_(255, 6, 5)_186",4,"(255, 6, 5)","(0, 0, 0)",128,128,True,5.6699174696464585,5.6699174696464585,20.889151505200175,20.889151505200175,4,"(255, 6, 5)",False,False
44.094865355909064,35.54598519354045,19.53329400076545,257.9503639432984,63.23456770894346,0.0,20.0,0.0,0.0,0.0,"ID_4_(255, 6, 5)_187",4,"(255, 6, 5)","(0, 0, 0)",128,128,True,19.53329400076545,19.53329400076545,15.61374904339745,15.61374904339745,4,"(255, 6, 5)",False,False
42.07657655016588,45.63009800699483,8.938397859652866,14.894489245236615,95.02107424738867,0.0,20.0,0.0,0.0,0.0,"ID_4_(255, 6, 5)_188",4,"(255, 6, 5)","(0, 0, 0)",128,128,True,8.938397859652866,8.938397859652866,9.048573511545992,9.048573511545992,4,"(255, 6, 5)",False,False
37.696497870243476,29.26244451136637,14.217015871239155,288.93692547866755,84.88701888777852,0.0,20.0,0.0,0.0,0.0,"ID_4_(255, 6, 5)_189",4,"(255, 6, 5)","(0, 0, 0)",128,128,True,14.217015871239155,14.217015871239155,24.112701472482964,24.112701472482964,4,"(255, 6, 5)",False,False
35.984814355324836,36.481090737278656,14.695592565978101,185.96578163224203,76.32308298372645,0.0,20.0,0.0,0.0,0.0,"ID_4_(255, 6, 5)_190",4,"(255, 6, 5)","(0, 0, 0)",128,128,True,14.695592565978101,14.695592565978101,19.47270747247033,19.47270747247033,4,"(255, 6, 5)",False,False
64.14330989710518,56.421798286962385,15.425199524081844,325.47805552909756,60.264219593640675,0.0,20.0,0.0,0.0,0.0,"ID_4_(255, 6, 5)_191",4,"(255, 6, 5)","(0, 0, 0)",128,128,True,15.425199524081844,15.425199524081842,15.532955548896238,15.532955548896238,4,"(255, 6, 5)",False,False
54.30854243877555,36.631320904460395,13.172935890447103,93.18336214644123,69.8304000364742,0.0,20.0,0.0,0.0,0.0,"ID_4_(255, 6, 5)_192",4,"(255, 6, 5)","(0, 0, 0)",128,128,True,13.172935890447103,13.172935890447103,14.045822108593272,14.045822108593272,4,"(255, 6, 5)",False,False
33.72393094341518,74.30002826694998,8.783625254404523,241.28439857910928,65.38901915557632,0.0,20.0,0.0,0.0,0.0,"ID_4_(255, 6, 5)_193",4,"(255, 6, 5)","(0, 0, 0)",128,128,True,8.783625254404523,8.783625254404523,29.24725282328728,29.24725282328728,4,"(255, 6, 5)",False,False
27.21678807534729,37.63746542702782,17.596390123336104,331.3407879955403,76.49559010327067,0.0,20.0,0.0,0.0,0.0,"ID_4_(255, 6, 5)_194",4,"(255, 6, 5)","(0, 0, 0)",128,128,True,17.596390123336104,17.596390123336104,25.92116908381198,25.92116908381198,4,"(255, 6, 5)",False,False
64.4694391377221,29.36339049874901,15.328183945623929,286.720129054804,98.76286772674706,0.0,20.0,0.0,0.0,0.0,"ID_4_(255, 6, 5)_195",4,"(255, 6, 5)","(0, 0, 0)",128,128,True,15.328183945623929,15.328183945623927,25.203855273893453,25.20385527389345,4,"(255, 6, 5)",False,False
71.61517295977923,64.40626303722581,16.914100831502818,171.1080999199839,75.05412619307309,0.0,20.0,0.0,0.0,0.0,"ID_4_(255, 6, 5)_196",4,"(255, 6, 5)","(0, 0, 0)",128,128,True,16.914100831502818,16.914100831502818,25.97606815472484,25.97606815472484,4,"(255, 6, 5)",False,False
28.095601781949743,58.7047154369668,12.7974548621519,142.5136722111322,97.56481142403202,0.0,20.0,0.0,0.0,0.0,"ID_4_(255, 6, 5)_197",4,"(255, 6, 5)","(0, 0, 0)",128,128,True,12.7974548621519,12.797454862151902,23.57063283269016,23.57063283269016,4,"(255, 6, 5)",False,False
62.19914340696321,60.90225132565335,14.574644034605381,314.5700171624603,78.56070171515795,0.0,20.0,0.0,0.0,0.0,"ID_4_(255, 6, 5)_198",4,"(255, 6, 5)","(0, 0, 0)",128,128,True,14.574644034605381,14.574644034605381,16.360873565655478,16.360873565655478,4,"(255, 6, 5)",False,False
32.53979614645131,51.410459259081854,14.972171287628726,226.1261732983699,98.9066066199502,0.0,20.0,0.0,0.0,0.0,"ID_4_(255, 6, 5)_199",4,"(255, 6, 5)","(0, 0, 0)",128,128,True,14.972171287628726,14.972171287628726,17.51708063374164,17.51708063374164,4,"(255, 6, 5)",False,False
53.914679378875974,65.71108842328675,14.728866315566613,179.36072018799376,80.5084254515093,0.0,20.0,0.0,0.0,0.0,"ID_4_(255, 6, 5)_200",4,"(255, 6, 5)","(0, 0, 0)",128,128,True,14.728866315566613,14.728866315566613,16.191448795081058,16.191448795081058,4,"(255, 6, 5)",False,False
36.789691188401584,63.35496727348403,16.769389188340032,71.32037087040575,66.03208642735689,0.0,20.0,0.0,0.0,0.0,"ID_4_(255, 6, 5)_201",4,"(255, 6, 5)","(0, 0, 0)",128,128,True,16.769389188340032,16.769389188340032,18.784765363816078,18.784765363816078,4,"(255, 6, 5)",False,False
35.759800235539,69.98664343683053,15.578976901440903,261.42591059068997,76.91363662384917,0.0,20.0,0.0,0.0,0.0,"ID_4_(255, 6, 5)_202",4,"(255, 6, 5)","(0, 0, 0)",128,128,True,15.578976901440903,15.578976901440903,24.540766190214114,24.540766190214114,4,"(255, 6, 5)",False,False
50.15805197577684,69.41471181215442,17.361619676656247,251.3788896690859,80.91900769193175,0.0,20.0,0.0,0.0,0.0,"ID_4_(255, 6, 5)_203",4,"(255, 6, 5)","(0, 0, 0)",128,128,True,17.361619676656247,17.361619676656247,19.415355139065973,19.415355139065973,4,"(255, 6, 5)",False,False
61.544343997989145,40.2589011627616,10.102772903503753,289.94655927086654,97.04054835732859,0.0,20.0,0.0,0.0,0.0,"ID_4_(255, 6, 5)_204",4,"(255, 6, 5)","(0, 0, 0)",128,128,True,10.102772903503753,10.102772903503753,15.104995362487049,15.10499536248705,4,"(255, 6, 5)",False,False
66.11823787134077,61.46181501433606,6.360334913815951,84.03468491301822,72.142488437238,0.0,20.0,0.0,0.0,0.0,"ID_4_(255, 6, 5)_205",4,"(255, 6, 5)","(0, 0, 0)",128,128,True,6.360334913815951,6.360334913815951,19.77803821161197,19.77803821161197,4,"(255, 6, 5)",False,False
58.92880798434468,54.37614788070519,10.402039145319936,209.14804477219747,60.8239925544642,0.0,20.0,0.0,0.0,0.0,"ID_4_(255, 6, 5)_206",4,"(255, 6, 5)","(0, 0, 0)",128,128,True,10.402039145319936,10.402039145319936,9.943554811791296,9.943554811791296,4,"(255, 6, 5)",False,False
48.138479986024485,36.98116447213307,13.636043557374787,167.47093554699973,81.66900028047061,0.0,20.0,0.0,0.0,0.0,"ID_4_(255, 6, 5)_207",4,"(255, 6, 5)","(0, 0, 0)",128,128,True,13.636043557374787,13.636043557374787,13.151248429867094,13.151248429867094,4,"(255, 6, 5)",False,False
66.47804828108872,36.451195927051316,15.022222605949827,264.31594176117113,78.33412072176685,0.0,20.0,0.0,0.0,0.0,"ID_4_(255, 6, 5)_208",4,"(255, 6, 5)","(0, 0, 0)",128,128,True,15.022222605949827,15.022222605949827,21.33298307694078,21.33298307694078,4,"(255, 6, 5)",False,False
70.67601812752058,47.68101444641947,12.355423092933165,200.04131005599083,82.81378786487417,0.0,20.0,0.0,0.0,0.0,"ID_4_(255, 6, 5)_209",4,"(255, 6, 5)","(0, 0, 0)",128,128,True,12.355423092933165,12.355423092933165,20.805658355535755,20.805658355535755,4,"(255, 6, 5)",False,False
74.97601080106682,50.15482618776098,18.352774892282852,170.57452661645408,62.27914741056448,0.0,20.0,0.0,0.0,0.0,"ID_4_(255, 6, 5)_210",4,"(255, 6, 5)","(0, 0, 0)",128,128,True,18.352774892282852,18.352774892282852,24.976490679905837,24.976490679905837,4,"(255, 6, 5)",False,False
46.83617520632099,42.197320586533735,11.29786059255303,200.09585196716762,83.52218638456935,0.0,20.0,0.0,0.0,0.0,"ID_4_(255, 6, 5)_211",4,"(255, 6, 5)","(0, 0, 0)",128,128,True,11.29786059255303,11.29786059255303,8.419714564902321,8.419714564902321,4,"(255, 6, 5)",False,False
36.65291967951846,34.46321170094545,10.894501378939314,198.3035237701535,67.87423560082033,0.0,20.0,0.0,0.0,0.0,"ID_4_(255, 6, 5)_212",4,"(255, 6, 5)","(0, 0, 0)",128,128,True,10.894501378939314,10.894501378939315,20.48258635355955,20.48258635355955,4,"(255, 6, 5)",False,False
73.61855798308085,39.71305656732841,17.486612878864925,295.9488897846001,70.31875042233686,0.0,20.0,0.0,0.0,0.0,"ID_4_(255, 6, 5)_213",4,"(255, 6, 5)","(0, 0, 0)",128,128,True,17.486612878864925,17.486612878864925,25.761550543147383,25.761550543147383,4,"(255, 6, 5)",False,False
63.2142440204546,31.98087158800782,18.875291205391125,146.1407932060896,68.07604851536982,0.0,20.0,0.0,0.0,0.0,"ID_4_(255, 6, 5)_214",4,"(255, 6, 5)","(0, 0, 0)",128,128,True,18.875291205391125,18.875291205391125,22.345138929082182,22.345138929082182,4,"(255, 6, 5)",False,False
63.2676160623321,30.328469954072023,16.22521853729199,238.8336077079533,74.64274365330874,0.0,20.0,0.0,0.0,0.0,"ID_4_(255, 6, 5)_215",4,"(255, 6, 5)","(0, 0, 0)",128,128,True,16.22521853729199,16.22521853729199,23.727594280189887,23.727594280189887,4,"(255, 6, 5)",False,False
29.38636106627468,36.20687856748688,10.535655607259258,341.15569468592827,96.9585380811387,0.0,20.0,0.0,0.0,0.0,"ID_4_(255, 6, 5)_216",4,"(255, 6, 5)","(0, 0, 0)",128,128,True,10.535655607259258,10.53565560725926,24.802667375547514,24.802667375547518,4,"(255, 6, 5)",False,False
46.948634162901456,39.1709615872429,14.665617781979234,106.5309807990211,95.73221078410836,0.0,20.0,0.0,0.0,0.0,"ID_4_(255, 6, 5)_217",4,"(255, 6, 5)","(0, 0, 0)",128,128,True,14.665617781979234,14.665617781979233,11.250729150449802,11.250729150449802,4,"(255, 6, 5)",False,False
29.897800409899467,34.85529856551156,16.922564802009685,162.48768469307558,93.59561817243575,0.0,20.0,0.0,0.0,0.0,"ID_4_(255, 6, 5)_218",4,"(255, 6, 5)","(0, 0, 0)",128,128,True,16.922564802009685,16.922564802009685,25.168639412968556,25.168639412968556,4,"(255, 6, 5)",False,False
62.20079288162451,50.99141343412471,8.556651223764987,205.37365987605224,67.6113953164242,0.0,20.0,0.0,0.0,0.0,"ID_4_(255, 6, 5)_219",4,"(255, 6, 5)","(0, 0, 0)",128,128,True,8.556651223764987,8.556651223764987,12.241006802451432,12.241006802451432,4,"(255, 6, 5)",False,False
58.47840908971629,65.30981270999057,15.278952296845267,205.26360330111237,62.90748858789114,0.0,20.0,0.0,0.0,0.0,"ID_4_(255, 6, 5)_220",4,"(255, 6, 5)","(0, 0, 0)",128,128,True,15.278952296845267,15.278952296845267,17.500679584163937,17.500679584163937,4,"(255, 6, 5)",False,False
42.57451962818857,68.28666749888717,19.11414413572869,210.23591998318443,68.84049070165987,0.0,20.0,0.0,0.0,0.0,"ID_4_(255, 6, 5)_221",4,"(255, 6, 5)","(0, 0, 0)",128,128,True,19.11414413572869,19.11414413572869,19.73676688231923,19.73676688231923,4,"(255, 6, 5)",False,False
40.292505887636764,43.561037289862746,15.368359715585335,94.2199272897197,87.3671202807453,0.0,20.0,0.0,0.0,0.0,"ID_4_(255, 6, 5)_222",4,"(255, 6, 5)","(0, 0, 0)",128,128,True,15.368359715585335,15.368359715585335,11.648848987093317,11.648848987093315,4,"(255, 6, 5)",False,False
40.71117743098549,38.98705753894941,15.973915365785528,242.12148863007576,91.4406525178033,0.0,20.0,0.0,0.0,0.0,"ID_4_(255, 6, 5)_223",4,"(255, 6, 5)","(0, 0, 0)",128,128,True,15.973915365785528,15.973915365785528,14.407190092764253,14.407190092764253,4,"(255, 6, 5)",False,False
69.09259398062099,61.88753207836179,21.614377437586757,309.2808858472034,82.55689536102767,0.0,20.0,0.0,0.0,0.0,"ID_4_(255, 6, 5)_224",4,"(255, 6, 5)","(0, 0, 0)",128,128,True,21.614377437586757,21.614377437586757,22.490899577894286,22.49089957789429,4,"(255, 6, 5)",False,False
72.62788801072065,40.40054206858801,14.678231629007195,105.02450195476466,79.45878349962615,0.0,20.0,0.0,0.0,0.0,"ID_4_(255, 6, 5)_225",4,"(255, 6, 5)","(0, 0, 0)",128,128,True,14.678231629007195,14.678231629007195,24.579888291094083,24.579888291094086,4,"(255, 6, 5)",False,False
38.60232860402435,68.01619450356863,20.42493420369094,50.66737767023544,64.0175649124242,0.0,20.0,0.0,0.0,0.0,"ID_4_(255, 6, 5)_226",4,"(255, 6, 5)","(0, 0, 0)",128,128,True,20.42493420369094,20.42493420369094,21.318775237828696,21.318775237828696,4,"(255, 6, 5)",False,False
51.29719260678257,42.299493518404695,17.43712272416536,265.26995787126776,67.1719070627384,0.0,20.0,0.0,0.0,0.0,"ID_4_(255, 6, 5)_227",4,"(255, 6, 5)","(0, 0, 0)",128,128,True,17.43712272416536,17.43712272416536,7.809001775654982,7.809001775654982,4,"(255, 6, 5)",False,False
74.90005844511697,31.654021560360377,14.369356235988885,171.20862570525014,70.34348938906483,0.0,20.0,0.0,0.0,0.0,"ID_4_(255, 6, 5)_228",4,"(255, 6, 5)","(0, 0, 0)",128,128,True,14.369356235988885,14.369356235988885,30.92875418567587,30.92875418567587,4,"(255, 6, 5)",False,False
65.96349983969516,72.41539075646907,17.057666512405703,173.02538820977284,70.44209473364117,0.0,20.0,0.0,0.0,0.0,"ID_4_(255, 6, 5)_229",4,"(255, 6, 5)","(0, 0, 0)",128,128,True,17.057666512405703,17.057666512405703,27.51877667879054,27.51877667879054,4,"(255, 6, 5)",False,False
37.27874329457279,29.85601344070644,14.43636349860132,103.62747442416514,93.10882306355863,0.0,20.0,0.0,0.0,0.0,"ID_4_(255, 6, 5)_230",4,"(255, 6, 5)","(0, 0, 0)",128,128,True,14.43636349860132,14.43636349860132,23.824579044893454,23.824579044893454,4,"(255, 6, 5)",False,False
52.96802680703766,32.83891262670069,15.296107258758427,56.217786891192546,73.53623447772453,0.0,20.0,0.0,0.0,0.0,"ID_4_(255, 6, 5)_231",4,"(255, 6, 5)","(0, 0, 0)",128,128,True,15.296107258758427,15.296107258758427,17.415857801478147,17.415857801478147,4,"(255, 6, 5)",False,False
53.27419999782707,71.08493821907207,17.86477722150677,104.08707901678356,64.3307093287798,0.0,20.0,0.0,0.0,0.0,"ID_4_(255, 6, 5)_232",4,"(255, 6, 5)","(0, 0, 0)",128,128,True,17.86477722150677,17.86477722150677,21.337642918744724,21.337642918744724,4,"(255, 6, 5)",False,False
42.67209928555555,44.47220709823975,14.144622749086466,127.93591088378032,67.95119103888935,0.0,20.0,0.0,0.0,0.0,"ID_4_(255, 6, 5)_233",4,"(255, 6, 5)","(0, 0, 0)",128,128,True,14.144622749086466,14.144622749086466,9.179031716118347,9.179031716118347,4,"(255, 6, 5)",False,False
58.690052045510924,63.68379978082671,8.160016675982126,313.85731036841906,78.30923349003108,0.0,20.0,0.0,0.0,0.0,"ID_4_(255, 6, 5)_234",4,"(255, 6, 5)","(0, 0, 0)",128,128,True,8.160016675982126,8.160016675982126,16.20997782217612,16.20997782217612,4,"(255, 6, 5)",False,False
73.9320523490356,32.48956101205963,14.51134084134483,67.48648653195416,61.65169154318569,0.0,20.0,0.0,0.0,0.0,"ID_4_(255, 6, 5)_235",4,"(255, 6, 5)","(0, 0, 0)",128,128,True,14.51134084134483,14.51134084134483,29.6539812367136,29.6539812367136,4,"(255, 6, 5)",False,False
58.303332964964085,59.3572538057155,9.84712220407874,63.742411835869646,69.47942270514743,0.0,20.0,0.0,0.0,0.0,"ID_4_(255, 6, 5)_236",4,"(255, 6, 5)","(0, 0, 0)",128,128,True,9.84712220407874,9.84712220407874,12.510137373811547,12.510137373811547,4,"(255, 6, 5)",False,False
44.096821853126855,33.83369841008435,14.064255801973724,317.3050757662788,75.5388651740343,0.0,20.0,0.0,0.0,0.0,"ID_4_(255, 6, 5)_237",4,"(255, 6, 5)","(0, 0, 0)",128,128,True,14.064255801973724,14.064255801973724,17.210369529148114,17.210369529148114,4,"(255, 6, 5)",False,False
54.25865529613735,51.391910612819885,17.197547180191116,347.42591555752904,74.68467508826149,0.0,20.0,0.0,0.0,0.0,"ID_4_(255, 6, 5)_238",4,"(255, 6, 5)","(0, 0, 0)",128,128,True,17.197547180191116,17.197547180191116,4.480352674221005,4.480352674221005,4,"(255, 6, 5)",False,False
66.78936778893154,74.87322789131,16.744178619904574,18.48907000117712,60.03352133865854,0.0,20.0,0.0,0.0,0.0,"ID_4_(255, 6, 5)_239",4,"(255, 6, 5)","(0, 0, 0)",128,128,True,16.744178619904574,16.744178619904574,30.00933748827277,30.009337488272774,4,"(255, 6, 5)",False,False
48.79859507140375,55.61076919603154,17.211519531868785,238.26757806036,70.07049396334833,0.0,20.0,0.0,0.0,0.0,"ID_4_(255, 6, 5)_240",4,"(255, 6, 5)","(0, 0, 0)",128,128,True,17.211519531868785,17.211519531868785,5.737953012494244,5.737953012494244,4,"(255, 6, 5)",False,False
40.2351047657866,39.687106453138384,11.063065422577395,23.808622870697675,98.60670564379825,0.0,20.0,0.0,0.0,0.0,"ID_4_(255, 6, 5)_241",4,"(255, 6, 5)","(0, 0, 0)",128,128,True,11.063065422577395,11.063065422577395,14.202427688394105,14.202427688394105,4,"(255, 6, 5)",False,False
56.12576958692197,56.823972995515824,11.245331166886126,81.01164842544608,75.45184370770379,0.0,20.0,0.0,0.0,0.0,"ID_4_(255, 6, 5)_242",4,"(255, 6, 5)","(0, 0, 0)",128,128,True,11.245331166886126,11.245331166886126,9.17015051542707,9.17015051542707,4,"(255, 6, 5)",False,False
29.043206501872497,37.9525863853554,17.354886472316842,149.99045730900974,91.70653534802071,0.0,20.0,0.0,0.0,0.0,"ID_4_(255, 6, 5)_243",4,"(255, 6, 5)","(0, 0, 0)",128,128,True,17.354886472316842,17.354886472316842,24.172864301225935,24.172864301225935,4,"(255, 6, 5)",False,False
30.418151355491997,33.863559976542646,17.855216919242178,338.89168848249875,90.74709475915611,0.0,20.0,0.0,0.0,0.0,"ID_4_(255, 6, 5)_244",4,"(255, 6, 5)","(0, 0, 0)",128,128,True,17.855216919242178,17.855216919242178,25.373874220683298,25.373874220683298,4,"(255, 6, 5)",False,False
70.87156494356152,52.833385120484124,17.203419446693513,351.0969016683528,82.60908808949851,0.0,20.0,0.0,0.0,0.0,"ID_4_(255, 6, 5)_245",4,"(255, 6, 5)","(0, 0, 0)",128,128,True,17.203419446693513,17.203419446693513,21.063007725258213,21.063007725258213,4,"(255, 6, 5)",False,False
48.04162076187235,70.78812504813979,8.349211494863082,309.0424386527121,66.15344278672502,0.0,20.0,0.0,0.0,0.0,"ID_4_(255, 6, 5)_246",4,"(255, 6, 5)","(0, 0, 0)",128,128,True,8.349211494863082,8.349211494863082,20.880167438443266,20.88016743844327,4,"(255, 6, 5)",False,False
61.02834532033678,60.780061289411314,12.66771445372133,232.63417546200475,84.9398789133779,0.0,20.0,0.0,0.0,0.0,"ID_4_(255, 6, 5)_247",4,"(255, 6, 5)","(0, 0, 0)",128,128,True,12.66771445372133,12.66771445372133,15.421871543624611,15.421871543624611,4,"(255, 6, 5)",False,False
50.49100990293639,53.11592916829308,8.93431418049452,225.22414725183532,67.19920949702365,0.0,20.0,0.0,0.0,0.0,"ID_4_(255, 6, 5)_248",4,"(255, 6, 5)","(0, 0, 0)",128,128,True,8.93431418049452,8.93431418049452,3.1543787512917976,3.1543787512917976,4,"(255, 6, 5)",False,False
55.96005236715234,64.18061781048226,16.03129063431196,145.33131579222777,75.7282784893638,0.0,20.0,0.0,0.0,0.0,"ID_4_(255, 6, 5)_249",4,"(255, 6, 5)","(0, 0, 0)",128,128,True,16.03129063431196,16.03129063431196,15.382202238501643,15.382202238501643,4,"(255, 6, 5)",False,False
71.65128546323709,42.70673758105388,15.784929787349482,327.2535031834599,96.9782548239159,0.0,20.0,0.0,0.0,0.0,"ID_4_(255, 6, 5)_250",4,"(255, 6, 5)","(0, 0, 0)",128,128,True,15.784929787349482,15.784929787349482,22.84665925080062,22.84665925080062,4,"(255, 6, 5)",False,False
62.818303946140915,65.35945031740951,16.06945224541601,98.65188141871921,95.91703233192176,0.0,20.0,0.0,0.0,0.0,"ID_4_(255, 6, 5)_251",4,"(255, 6, 5)","(0, 0, 0)",128,128,True,16.06945224541601,16.06945224541601,20.005539985429607,20.005539985429607,4,"(255, 6, 5)",False,False
53.99761029932347,25.009711621630892,13.742818092677517,35.31880814233941,61.891287009772,0.0,20.0,0.0,0.0,0.0,"ID_4_(255, 6, 5)_252",4,"(255, 6, 5)","(0, 0, 0)",128,128,True,13.742818092677517,13.742818092677517,25.308010615994835,25.308010615994835,4,"(255, 6, 5)",False,False
31.220664248705432,69.62201732049917,16.409542476305578,8.577067067143513,78.39620842672865,0.0,20.0,0.0,0.0,0.0,"ID_4_(255, 6, 5)_253",4,"(255, 6, 5)","(0, 0, 0)",128,128,True,16.409542476305578,16.409542476305578,27.160394234727516,27.160394234727516,4,"(255, 6, 5)",False,False
29.173983106500845,48.78147936691991,16.61304984069194,284.79380035640963,91.12146988042255,0.0,20.0,0.0,0.0,0.0,"ID_4_(255, 6, 5)_254",4,"(255, 6, 5)","(0, 0, 0)",128,128,True,16.61304984069194,16.61304984069194,20.861633976789882,20.861633976789882,4,"(255, 6, 5)",False,False
66.84013420514133,48.213685315443385,11.443192126319339,341.50429640607695,62.460564619777436,0.0,20.0,0.0,0.0,0.0,"ID_4_(255, 6, 5)_255",4,"(255, 6, 5)","(0, 0, 0)",128,128,True,11.443192126319339,11.443192126319339,16.934610718863112,16.934610718863112,4,"(255, 6, 5)",False,False
41.25541877882165,33.8788980845829,16.290787564180274,214.14979535500999,90.57009920915367,0.0,20.0,0.0,0.0,0.0,"ID_4_(255, 6, 5)_256",4,"(255, 6, 5)","(0, 0, 0)",128,128,True,16.290787564180274,16.290787564180274,18.340055280752292,18.340055280752292,4,"(255, 6, 5)",False,False
62.36001258078122,48.9290784329573,19.11466975675996,223.91612481114888,64.66644197178526,0.0,20.0,0.0,0.0,0.0,"ID_4_(255, 6, 5)_257",4,"(255, 6, 5)","(0, 0, 0)",128,128,True,19.11466975675996,19.11466975675996,12.40632032473075,12.40632032473075,4,"(255, 6, 5)",False,False
39.47719144025618,27.05083454264162,13.715544258838642,88.70046261599907,64.45765241454421,0.0,20.0,0.0,0.0,0.0,"ID_4_(255, 6, 5)_258",4,"(255, 6, 5)","(0, 0, 0)",128,128,True,13.715544258838642,13.715544258838642,25.246657108897185,25.246657108897185,4,"(255, 6, 5)",False,False
63.62483561007615,62.71996934800509,17.410933833630686,348.221270097923,91.6331403072046,0.0,20.0,0.0,0.0,0.0,"ID_4_(255, 6, 5)_259",4,"(255, 6, 5)","(0, 0, 0)",128,128,True,17.410933833630686,17.410933833630686,18.639575253094907,18.639575253094907,4,"(255, 6, 5)",False,False
39.92882390125489,68.90011069276557,16.02104980485469,240.34637161059754,92.81192595210368,0.0,20.0,0.0,0.0,0.0,"ID_4_(255, 6, 5)_260",4,"(255, 6, 5)","(0, 0, 0)",128,128,True,16.02104980485469,16.02104980485469,21.415946680236345,21.41594668023635,4,"(255, 6, 5)",False,False
54.82948488294799,47.91327021981117,14.476934821497228,234.9067645622849,94.33483442025785,0.0,20.0,0.0,0.0,0.0,"ID_4_(255, 6, 5)_261",4,"(255, 6, 5)","(0, 0, 0)",128,128,True,14.476934821497228,14.476934821497228,5.261023228436657,5.261023228436657,4,"(255, 6, 5)",False,False
32.80205429138342,69.88220172507788,11.750441748300581,187.2754147665982,97.68163854614605,0.0,20.0,0.0,0.0,0.0,"ID_4_(255, 6, 5)_262",4,"(255, 6, 5)","(0, 0, 0)",128,128,True,11.750441748300581,11.750441748300581,26.288234669395607,26.288234669395607,4,"(255, 6, 5)",False,False
50.49919242264155,28.842613805683946,16.09571585129035,286.4861154093861,61.778879536683924,0.0,20.0,0.0,0.0,0.0,"ID_4_(255, 6, 5)_263",4,"(255, 6, 5)","(0, 0, 0)",128,128,True,16.09571585129035,16.09571585129035,21.163274407573567,21.163274407573567,4,"(255, 6, 5)",False,False
63.297134498002606,54.44418766725758,20.29680805515663,359.0409916131485,85.50382075462255,0.0,20.0,0.0,0.0,0.0,"ID_4_(255, 6, 5)_264",4,"(255, 6, 5)","(0, 0, 0)",128,128,True,20.29680805515663,20.29680805515663,14.020149424302703,14.020149424302703,4,"(255, 6, 5)",False,False
26.65904058981369,50.82747335024489,16.2927515911654,165.49627172570365,87.12185534679942,0.0,20.0,0.0,0.0,0.0,"ID_4_(255, 6, 5)_265",4,"(255, 6, 5)","(0, 0, 0)",128,128,True,16.2927515911654,16.2927515911654,23.355622413742918,23.355622413742918,4,"(255, 6, 5)",False,False
65.302264860582,47.75366253543932,9.376935583513983,90.9613718952071,60.48241676926422,0.0,20.0,0.0,0.0,0.0,"ID_4_(255, 6, 5)_266",4,"(255, 6, 5)","(0, 0, 0)",128,128,True,9.376935583513983,9.376935583513983,15.466264638499226,15.466264638499226,4,"(255, 6, 5)",False,False
29.960413608769887,48.450968053210545,13.340522069560253,284.1063267667059,96.91555547429037,0.0,20.0,0.0,0.0,0.0,"ID_4_(255, 6, 5)_267",4,"(255, 6, 5)","(0, 0, 0)",128,128,True,13.340522069560253,13.340522069560253,20.099366226419914,20.099366226419914,4,"(255, 6, 5)",False,False
51.80723222207845,60.00735369341743,14.826888247970144,54.591751692494896,71.93879881467296,0.0,20.0,0.0,0.0,0.0,"ID_4_(255, 6, 5)_268",4,"(255, 6, 5)","(0, 0, 0)",128,128,True,14.826888247970144,14.826888247970144,10.169228891596159,10.169228891596159,4,"(255, 6, 5)",False,False
73.86255429018894,46.31384429610065,15.50132376145718,274.42367717902044,92.41751073604459,0.0,20.0,0.0,0.0,0.0,"ID_4_(255, 6, 5)_269",4,"(255, 6, 5)","(0, 0, 0)",128,128,True,15.50132376145718,15.50132376145718,24.145584298699507,24.14558429869951,4,"(255, 6, 5)",False,False
56.120890458764705,54.389951675225134,12.015157764204268,13.20633964816282,67.80697782948651,0.0,20.0,0.0,0.0,0.0,"ID_4_(255, 6, 5)_270",4,"(255, 6, 5)","(0, 0, 0)",128,128,True,12.015157764204268,12.015157764204268,7.5323950851643975,7.5323950851643975,4,"(255, 6, 5)",False,False
32.88166871193723,57.72330000551089,12.897792026195699,342.3569796946195,67.10908622593725,0.0,20.0,0.0,0.0,0.0,"ID_4_(255, 6, 5)_271",4,"(255, 6, 5)","(0, 0, 0)",128,128,True,12.897792026195699,12.897792026195697,18.779952850393244,18.779952850393244,4,"(255, 6, 5)",False,False
49.82510780133358,43.345927794510104,15.109612374719433,248.7991197428005,61.62594466437123,0.0,20.0,0.0,0.0,0.0,"ID_4_(255, 6, 5)_272",4,"(255, 6, 5)","(0, 0, 0)",128,128,True,15.109612374719433,15.10961237471943,6.656370196813542,6.656370196813542,4,"(255, 6, 5)",False,False
27.9171624784755,25.05492658851033,10.735400784213802,134.535555501519,64.58983375103985,0.0,20.0,0.0,0.0,0.0,"ID_4_(255, 6, 5)_273",4,"(255, 6, 5)","(0, 0, 0)",128,128,True,10.735400784213802,10.735400784213802,33.31528778964185,33.31528778964185,4,"(255, 6, 5)",False,False
71.28199720693436,48.62141671797741,15.719193824595438,63.96708486749163,73.99223721241613,0.0,20.0,0.0,0.0,0.0,"ID_4_(255, 6, 5)_274",4,"(255, 6, 5)","(0, 0, 0)",128,128,True,15.719193824595438,15.719193824595438,21.326600689782566,21.326600689782566,4,"(255, 6, 5)",False,False
52.02570057352265,31.900809144594945,17.753964786707538,301.54142213943487,74.85367886329647,0.0,20.0,0.0,0.0,0.0,"ID_4_(255, 6, 5)_275",4,"(255, 6, 5)","(0, 0, 0)",128,128,True,17.753964786707538,17.753964786707538,18.21219845142118,18.21219845142118,4,"(255, 6, 5)",False,False
44.63728499835007,46.925855299350616,17.258793405108765,165.10408626183298,79.36521176965829,0.0,20.0,0.0,0.0,0.0,"ID_4_(255, 6, 5)_276",4,"(255, 6, 5)","(0, 0, 0)",128,128,True,17.258793405108765,17.258793405108765,6.181349191677486,6.181349191677486,4,"(255, 6, 5)",False,False
49.66654658731312,27.306675163945748,16.151410831481584,314.3341459003679,76.61162957857695,0.0,20.0,0.0,0.0,0.0,"ID_4_(255, 6, 5)_277",4,"(255, 6, 5)","(0, 0, 0)",128,128,True,16.151410831481584,16.151410831481584,22.695774569137516,22.695774569137516,4,"(255, 6, 5)",False,False
52.50385413972263,36.93191071996925,15.855399489291273,51.4488581381465,66.2958034449463,0.0,20.0,0.0,0.0,0.0,"ID_4_(255, 6, 5)_278",4,"(255, 6, 5)","(0, 0, 0)",128,128,True,15.855399489291273,15.85539948929127,13.305797344911754,13.305797344911754,4,"(255, 6, 5)",False,False
48.81425427755409,41.89800441752136,12.730509376287142,3.166430034305723,77.70304278797339,0.0,20.0,0.0,0.0,0.0,"ID_4_(255, 6, 5)_279",4,"(255, 6, 5)","(0, 0, 0)",128,128,True,12.730509376287142,12.730509376287142,8.18830417954793,8.18830417954793,4,"(255, 6, 5)",False,False
62.94300128414948,59.792095300072276,20.21955640831687,157.3192210674434,68.42826026353873,0.0,20.0,0.0,0.0,0.0,"ID_4_(255, 6, 5)_280",4,"(255, 6, 5)","(0, 0, 0)",128,128,True,20.21955640831687,20.21955640831687,16.22980014070391,16.22980014070391,4,"(255, 6, 5)",False,False
40.247199864845825,47.91047960297884,18.591753292638913,272.08629282915484,81.23681566823832,0.0,20.0,0.0,0.0,0.0,"ID_4_(255, 6, 5)_281",4,"(255, 6, 5)","(0, 0, 0)",128,128,True,18.591753292638913,18.591753292638913,9.9741268272381,9.9741268272381,4,"(255, 6, 5)",False,False
65.92643355583252,30.401177137684456,17.468751060451325,161.70612173868878,65.70253662130175,0.0,20.0,0.0,0.0,0.0,"ID_4_(255, 6, 5)_282",4,"(255, 6, 5)","(0, 0, 0)",128,128,True,17.468751060451325,17.468751060451325,25.25401242172757,25.25401242172757,4,"(255, 6, 5)",False,False
26.208156028148476,57.66986424574901,14.80894207640195,54.22945879807388,96.67061477372023,0.0,20.0,0.0,0.0,0.0,"ID_4_(255, 6, 5)_283",4,"(255, 6, 5)","(0, 0, 0)",128,128,True,14.80894207640195,14.80894207640195,24.99757302477876,24.99757302477876,4,"(255, 6, 5)",False,False
32.99295891268862,48.69740906953635,6.879722226549218,242.66151818799207,70.23583321953805,0.0,20.0,0.0,0.0,0.0,"ID_4_(255, 6, 5)_284",4,"(255, 6, 5)","(0, 0, 0)",128,128,True,6.879722226549218,6.879722226549218,17.05685169301837,17.05685169301837,4,"(255, 6, 5)",False,False
65.86933707466522,73.09764262605356,13.280196652677255,235.1982876267708,69.07718958009606,0.0,20.0,0.0,0.0,0.0,"ID_4_(255, 6, 5)_285",4,"(255, 6, 5)","(0, 0, 0)",128,128,True,13.280196652677255,13.280196652677255,28.023864010343583,28.023864010343583,4,"(255, 6, 5)",False,False
72.84358795575001,50.69302409077684,15.521221420010855,220.9386279947834,71.27462392584674,0.0,20.0,0.0,0.0,0.0,"ID_4_(255, 6, 5)_286",4,"(255, 6, 5)","(0, 0, 0)",128,128,True,15.521221420010855,15.521221420010853,22.854097949437516,22.85409794943752,4,"(255, 6, 5)",False,False
39.313561102613626,49.801688361795705,19.09971906670956,142.63595288690183,96.30496913969904,0.0,20.0,0.0,0.0,0.0,"ID_4_(255, 6, 5)_287",4,"(255, 6, 5)","(0, 0, 0)",128,128,True,19.09971906670956,19.09971906670956,10.688278805000353,10.688278805000353,4,"(255, 6, 5)",False,False
65.76400210454611,28.23032789571448,15.682937505695413,305.5881198168636,97.20363420447536,0.0,20.0,0.0,0.0,0.0,"ID_4_(255, 6, 5)_288",4,"(255, 6, 5)","(0, 0, 0)",128,128,True,15.682937505695413,15.682937505695413,26.877916323261392,26.877916323261392,4,"(255, 6, 5)",False,False
62.64141651671409,41.31511784937091,17.408003883691556,184.44627726573032,61.09460280022385,0.0,20.0,0.0,0.0,0.0,"ID_4_(255, 6, 5)_289",4,"(255, 6, 5)","(0, 0, 0)",128,128,True,17.408003883691556,17.408003883691556,15.337294074228595,15.337294074228593,4,"(255, 6, 5)",False,False
46.021899755226116,33.42402859204532,18.803945936593294,295.6646335590212,97.73965349408172,0.0,20.0,0.0,0.0,0.0,"ID_4_(255, 6, 5)_290",4,"(255, 6, 5)","(0, 0, 0)",128,128,True,18.803945936593294,18.803945936593294,17.046645114942738,17.046645114942738,4,"(255, 6, 5)",False,False
58.58323471073983,31.194890318900825,12.206258488672791,118.60108639763833,60.46181185713951,0.0,20.0,0.0,0.0,0.0,"ID_4_(255, 6, 5)_291",4,"(255, 6, 5)","(0, 0, 0)",128,128,True,12.206258488672791,12.206258488672791,20.67133445662904,20.671334456629037,4,"(255, 6, 5)",False,False
43.70381901824774,48.46707644992827,11.949640164234772,255.79680609581018,67.2275720694306,0.0,20.0,0.0,0.0,0.0,"ID_4_(255, 6, 5)_292",4,"(255, 6, 5)","(0, 0, 0)",128,128,True,11.949640164234772,11.949640164234772,6.480104132291651,6.480104132291651,4,"(255, 6, 5)",False,False
60.56511249236951,60.62188244414688,9.042481647804562,116.0808269294316,78.06207418497324,0.0,20.0,0.0,0.0,0.0,"ID_4_(255, 6, 5)_293",4,"(255, 6, 5)","(0, 0, 0)",128,128,True,9.042481647804562,9.042481647804562,14.981521572714097,14.981521572714097,4,"(255, 6, 5)",False,False
50.341019874560665,25.406330328948812,14.369924235850819,46.498139242404626,72.5955217508267,0.0,20.0,0.0,0.0,0.0,"ID_4_(255, 6, 5)_294",4,"(255, 6, 5)","(0, 0, 0)",128,128,True,14.369924235850819,14.369924235850819,24.59603387629047,24.59603387629047,4,"(255, 6, 5)",False,False
41.276193427784634,55.66064751018118,12.832462003288821,352.72084598788024,85.38665709328717,0.0,20.0,0.0,0.0,0.0,"ID_4_(255, 6, 5)_295",4,"(255, 6, 5)","(0, 0, 0)",128,128,True,12.832462003288821,12.832462003288821,10.399410144039344,10.399410144039344,4,"(255, 6, 5)",False,False
71.66455854358398,41.46330390163704,12.824844040987394,142.9105585454604,74.73794862739328,0.0,20.0,0.0,0.0,0.0,"ID_4_(255, 6, 5)_296",4,"(255, 6, 5)","(0, 0, 0)",128,128,True,12.824844040987394,12.824844040987394,23.285795609430718,23.285795609430714,4,"(255, 6, 5)",False,False
25.857673398567606,67.93047116973177,15.67900599940607,28.242396016283493,90.500024917675,0.0,20.0,0.0,0.0,0.0,"ID_4_(255, 6, 5)_297",4,"(255, 6, 5)","(0, 0, 0)",128,128,True,15.67900599940607,15.679005999406069,30.072474625457954,30.072474625457954,4,"(255, 6, 5)",False,False
61.44219928646457,34.3466504381014,13.775683107968677,320.79414046368794,66.51727240186405,0.0,20.0,0.0,0.0,0.0,"ID_4_(255, 6, 5)_298",4,"(255, 6, 5)","(0, 0, 0)",128,128,True,13.775683107968677,13.775683107968678,19.3894630409963,19.3894630409963,4,"(255, 6, 5)",False,False
73.85941899413855,31.857402799142363,16.341638423907714,247.40893385539025,62.59281768620778,0.0,20.0,0.0,0.0,0.0,"ID_4_(255, 6, 5)_299",4,"(255, 6, 5)","(0, 0, 0)",128,128,True,16.341638423907714,16.341638423907714,29.973750314740844,29.973750314740848,4,"(255, 6, 5)",False,False
41.76338479560975,73.14093458036517,13.901524372850012,270.35836238117724,74.36499396508891,0.0,20.0,0.0,0.0,0.0,"ID_4_(255, 6, 5)_300",4,"(255, 6, 5)","(0, 0, 0)",128,128,True,13.901524372850012,13.901524372850012,24.563075607055666,24.563075607055666,4,"(255, 6, 5)",False,False
39.06081886724142,66.94712548938016,14.045620960130604,185.89410092884137,81.33676792036096,0.0,20.0,0.0,0.0,0.0,"ID_4_(255, 6, 5)_301",4,"(255, 6, 5)","(0, 0, 0)",128,128,True,14.045620960130604,14.045620960130604,20.171037311157296,20.171037311157296,4,"(255, 6, 5)",False,False
70.50910514776834,55.31875521008607,14.10635984483057,190.28570743818946,63.04117590300419,0.0,20.0,0.0,0.0,0.0,"ID_4_(255, 6, 5)_302",4,"(255, 6, 5)","(0, 0, 0)",128,128,True,14.10635984483057,14.10635984483057,21.18755651194907,21.18755651194907,4,"(255, 6, 5)",False,False
25.603810496544057,42.53039851336328,16.38996631307111,12.094491871734077,75.20974510486664,0.0,20.0,0.0,0.0,0.0,"ID_4_(255, 6, 5)_303",4,"(255, 6, 5)","(0, 0, 0)",128,128,True,16.38996631307111,16.38996631307111,25.51409431388266,25.514094313882662,4,"(255, 6, 5)",False,False
46.8657741023252,42.99616821012514,18.454891295902215,236.90382795538142,91.65774678850069,0.0,20.0,0.0,0.0,0.0,"ID_4_(255, 6, 5)_304",4,"(255, 6, 5)","(0, 0, 0)",128,128,True,18.454891295902215,18.454891295902215,7.673137019401979,7.673137019401979,4,"(255, 6, 5)",False,False
39.48898304004352,62.21486705286272,6.8971822860779675,277.48888467922507,95.800651127179,0.0,20.0,0.0,0.0,0.0,"ID_4_(255, 6, 5)_305",4,"(255, 6, 5)","(0, 0, 0)",128,128,True,6.8971822860779675,6.8971822860779675,16.114727880159936,16.114727880159936,4,"(255, 6, 5)",False,False
70.73071850933763,69.18424184458136,17.516378750897626,258.6709855398144,84.1985505142055,0.0,20.0,0.0,0.0,0.0,"ID_4_(255, 6, 5)_306",4,"(255, 6, 5)","(0, 0, 0)",128,128,True,17.516378750897626,17.516378750897626,28.245315099406852,28.245315099406852,4,"(255, 6, 5)",False,False
60.14563995441296,70.75104068808793,13.876050556753711,10.446685115758694,71.21555580073327,0.0,20.0,0.0,0.0,0.0,"ID_4_(255, 6, 5)_307",4,"(255, 6, 5)","(0, 0, 0)",128,128,True,13.876050556753711,13.876050556753713,23.09847829886768,23.09847829886768,4,"(255, 6, 5)",False,False
67.4138135486503,33.47002544490208,9.129047152111246,338.15034300133834,91.77839784177586,0.0,20.0,0.0,0.0,0.0,"ID_4_(255, 6, 5)_308",4,"(255, 6, 5)","(0, 0, 0)",128,128,True,9.129047152111246,9.129047152111246,24.01001793209121,24.01001793209121,4,"(255, 6, 5)",False,False
29.836958440089656,35.52093384984265,15.330897507122563,329.2123060004409,73.87968096690253,0.0,20.0,0.0,0.0,0.0,"ID_4_(255, 6, 5)_309",4,"(255, 6, 5)","(0, 0, 0)",128,128,True,15.330897507122563,15.330897507122563,24.8232069146455,24.823206914645496,4,"(255, 6, 5)",False,False
43.601998190547974,30.74225941596074,16.132270000753408,54.97085788073598,79.12863319708951,0.0,20.0,0.0,0.0,0.0,"ID_4_(255, 6, 5)_310",4,"(255, 6, 5)","(0, 0, 0)",128,128,True,16.132270000753408,16.132270000753408,20.29273267837292,20.29273267837292,4,"(255, 6, 5)",False,False
73.28965926225997,28.698393388596998,15.447583708319737,273.2893892154055,91.35231723506936,0.0,20.0,0.0,0.0,0.0,"ID_4_(255, 6, 5)_311",4,"(255, 6, 5)","(0, 0, 0)",128,128,True,15.447583708319737,15.447583708319737,31.562108180207794,31.562108180207794,4,"(255, 6, 5)",False,False
67.57690510367647,40.468951184516975,17.168010360543413,5.274947247737867,71.40275696963683,0.0,20.0,0.0,0.0,0.0,"ID_4_(255, 6, 5)_312",4,"(255, 6, 5)","(0, 0, 0)",128,128,True,17.168010360543413,17.168010360543413,19.994711414440776,19.994711414440776,4,"(255, 6, 5)",False,False
72.03186099177739,74.41642594100391,9.85619071343023,284.6720918117394,81.59391062763547,0.0,20.0,0.0,0.0,0.0,"ID_4_(255, 6, 5)_313",4,"(255, 6, 5)","(0, 0, 0)",128,128,True,9.85619071343023,9.85619071343023,32.8871518148582,32.8871518148582,4,"(255, 6, 5)",False,False
28.948581086963554,37.67175964930995,12.849243578932736,97.02198565808159,65.13943530679394,0.0,20.0,0.0,0.0,0.0,"ID_4_(255, 6, 5)_314",4,"(255, 6, 5)","(0, 0, 0)",128,128,True,12.849243578932736,12.849243578932736,24.395650194174593,24.395650194174593,4,"(255, 6, 5)",False,False
41.97881020928611,30.437575434589412,17.278678978586527,237.51601649666802,83.17416417374864,0.0,20.0,0.0,0.0,0.0,"ID_4_(255, 6, 5)_315",4,"(255, 6, 5)","(0, 0, 0)",128,128,True,17.278678978586527,17.278678978586527,21.143035272543827,21.143035272543827,4,"(255, 6, 5)",False,False
34.68379076722739,30.849597347966053,19.440956877008603,30.050796291064987,91.82194463217854,0.0,20.0,0.0,0.0,0.0,"ID_4_(255, 6, 5)_316",4,"(255, 6, 5)","(0, 0, 0)",128,128,True,19.440956877008603,19.440956877008603,24.521912384581626,24.521912384581626,4,"(255, 6, 5)",False,False
41.85131625171233,62.26707572829741,15.830998023583152,119.96110963635651,94.85659955832897,0.0,20.0,0.0,0.0,0.0,"ID_4_(255, 6, 5)_317",4,"(255, 6, 5)","(0, 0, 0)",128,128,True,15.830998023583152,15.830998023583152,14.726920715254458,14.726920715254458,4,"(255, 6, 5)",False,False
38.732072556237014,68.58720672757528,15.739302673063884,143.09249389391937,81.87519657285641,0.0,20.0,0.0,0.0,0.0,"ID_4_(255, 6, 5)_318",4,"(255, 6, 5)","(0, 0, 0)",128,128,True,15.739302673063884,15.739302673063884,21.73592516576018,21.73592516576018,4,"(255, 6, 5)",False,False
26.78291253676106,45.78197156761871,17.227490553255503,344.6382680232044,71.25182820496588,0.0,20.0,0.0,0.0,0.0,"ID_4_(255, 6, 5)_319",4,"(255, 6, 5)","(0, 0, 0)",128,128,True,17.227490553255503,17.227490553255503,23.597137837713788,23.597137837713788,4,"(255, 6, 5)",False,False
74.07840947801503,27.03734854116927,22.74735806460032,132.99738436879758,89.28955502807814,0.0,20.0,0.0,0.0,0.0,"ID_4_(255, 6, 5)_320",4,"(255, 6, 5)","(0, 0, 0)",128,128,True,22.74735806460032,22.74735806460032,33.27240846423212,33.27240846423212,4,"(255, 6, 5)",False,False
67.51998222709909,72.51157227039195,13.105367314450005,27.497583347288117,97.24272191632903,0.0,20.0,0.0,0.0,0.0,"ID_4_(255, 6, 5)_321",4,"(255, 6, 5)","(0, 0, 0)",128,128,True,13.105367314450005,13.105367314450005,28.525789442589456,28.525789442589456,4,"(255, 6, 5)",False,False
25.9915425999927,30.57702018010029,14.056631694811669,133.90802651974988,81.89970182120537,0.0,20.0,0.0,0.0,0.0,"ID_4_(255, 6, 5)_322",4,"(255, 6, 5)","(0, 0, 0)",128,128,True,14.056631694811669,14.056631694811669,30.88135637908731,30.88135637908731,4,"(255, 6, 5)",False,False
30.784611140213734,60.612388996058954,14.14987532314929,351.0787006923547,83.73630278081987,0.0,20.0,0.0,0.0,0.0,"ID_4_(255, 6, 5)_323",4,"(255, 6, 5)","(0, 0, 0)",128,128,True,14.14987532314929,14.14987532314929,21.951172388655493,21.951172388655497,4,"(255, 6, 5)",False,False
73.50897207482973,52.468625471906726,11.877879416723365,52.786330109185116,92.94388621839147,0.0,20.0,0.0,0.0,0.0,"ID_4_(255, 6, 5)_324",4,"(255, 6, 5)","(0, 0, 0)",128,128,True,11.877879416723365,11.877879416723365,23.638229200506345,23.638229200506345,4,"(255, 6, 5)",False,False
70.25047448010335,42.1467528964039,12.790732256198066,295.388567286798,92.67277313552661,0.0,20.0,0.0,0.0,0.0,"ID_4_(255, 6, 5)_325",4,"(255, 6, 5)","(0, 0, 0)",128,128,True,12.790732256198066,12.790732256198066,21.71992649019461,21.719926490194613,4,"(255, 6, 5)",False,False
45.81946177921249,63.457624083141,19.112206177109734,57.97609400534539,68.89873322436807,0.0,20.0,0.0,0.0,0.0,"ID_4_(255, 6, 5)_326",4,"(255, 6, 5)","(0, 0, 0)",128,128,True,19.112206177109734,19.112206177109734,14.092002901596416,14.092002901596416,4,"(255, 6, 5)",False,False
73.50966761997996,37.917312841394356,8.352692070350107,192.14099153783016,69.20717205851388,0.0,20.0,0.0,0.0,0.0,"ID_4_(255, 6, 5)_327",4,"(255, 6, 5)","(0, 0, 0)",128,128,True,8.352692070350107,8.352692070350107,26.432854567274195,26.432854567274195,4,"(255, 6, 5)",False,False
59.458265918206706,41.52044298311884,17.121003872420687,336.933310574878,70.7735333119702,0.0,20.0,0.0,0.0,0.0,"ID_4_(255, 6, 5)_328",4,"(255, 6, 5)","(0, 0, 0)",128,128,True,17.121003872420687,17.121003872420687,12.702821788171676,12.702821788171676,4,"(255, 6, 5)",False,False
63.003821555339336,25.118482845989398,20.216393588337876,40.44593706647231,70.04004785236249,0.0,20.0,0.0,0.0,0.0,"ID_4_(255, 6, 5)_329",4,"(255, 6, 5)","(0, 0, 0)",128,128,True,20.216393588337876,20.216393588337876,28.074708741649157,28.074708741649157,4,"(255, 6, 5)",False,False
64.20342262974512,37.79812895323784,15.100937636446796,160.24224694813256,77.54320933598862,0.0,20.0,0.0,0.0,0.0,"ID_4_(255, 6, 5)_330",4,"(255, 6, 5)","(0, 0, 0)",128,128,True,15.100937636446796,15.100937636446794,18.724926473579767,18.724926473579767,4,"(255, 6, 5)",False,False
58.21425918093265,62.87199414613983,14.097118574327574,40.568275724213606,62.33778105471751,0.0,20.0,0.0,0.0,0.0,"ID_4_(255, 6, 5)_331",4,"(255, 6, 5)","(0, 0, 0)",128,128,True,14.097118574327574,14.097118574327574,15.269652490799995,15.269652490799995,4,"(255, 6, 5)",False,False
55.034334756414104,57.295405391367225,13.586676044474299,194.2810847233666,76.09207703347866,0.0,20.0,0.0,0.0,0.0,"ID_4_(255, 6, 5)_332",4,"(255, 6, 5)","(0, 0, 0)",128,128,True,13.586676044474299,13.586676044474297,8.863829097180803,8.863829097180803,4,"(255, 6, 5)",False,False
